"Cle","Francais","Wolof","English","Italiano","Espanol","Arabe"
"nav.home","Accueil","Daay","Home","Home","Inicio","الرئيسية"
"nav.dahira","Le Dahira","Dahira ji","The Dahira","Il Dahira","El Dahira","الدائرة"
"nav.spiritualite","Spiritualité","Diiney","Spirituality","Spiritualità","Espiritualidad","الروحانية"
"nav.media","Média","Media","Media","Media","Medios","الإعلام"
"nav.boutique","Boutique","Boutique","Boutique","Boutique","Boutique","المتجر"
"nav.blog","Blog","Blog","Blog","Blog","Blog","المدونة"
"nav.contact","Contact","Jokk","Contact","Contatti","Contacto","اتصل بنا"
"cta.donate","Faire un Don","Defal Yónne","Make a Donation","Fai una Donazione","Hacer una Donación","تبرّع"
"cta.join","Rejoindre le Dahira","Bokk ci Dahira ji","Join the Dahira","Unisciti al Dahira","Únete al Dahira","انضم إلى الدائرة"
"cta.discover","Découvrir KSN","Xam KSN","Discover KSN","Scopri KSN","Descubre KSN","اكتشف KSN"
"cta.member","Devenir Membre","Nekk ci Mbokk","Become a Member","Diventa Membro","Hazte Miembro","أصبح عضواً"
"cta.read_more","Lire l'article","Jëfandikoo bind bi","Read the article","Leggi l'articolo","Leer el artículo","اقرأ المقال"
"cta.send_whatsapp","Envoyer via WhatsApp","Yónne ci WhatsApp","Send via WhatsApp","Invia via WhatsApp","Enviar por WhatsApp","أرسل عبر واتساب"
"cta.contact_whatsapp","Contacter sur WhatsApp","Jokk ci WhatsApp","Contact on WhatsApp","Contatta su WhatsApp","Contactar por WhatsApp","تواصل عبر واتساب"
"cta.follow_us","Suivez-nous","Toopal nu","Follow us","Seguici","Síguenos","تابعنا"
"site.tagline","Site Officiel International","Site Bi Maam ji","Official International Website","Sito Ufficiale Internazionale","Sitio Oficial Internacional","الموقع الرسمي الدولي"
"site.motto","Prière • Spiritualité • Rayonnement","Ñaan • Diiney • Leeral","Prayer • Spirituality • Outreach","Preghiera • Spiritualità • Irraggiamento","Oración • Espiritualidad • Difusión","صلاة • روحانية • إشعاع"
"site.location","Touba, Sénégal","Touba, Senegaal","Touba, Senegal","Touba, Senegal","Touba, Senegal","توبا، السنغال"
"hero.badge","Kippangog Salaatu 'Alaa Nabii","Kippaangog Salaatu 'Alaa Nabii","Kippangog Salaatu 'Alaa Nabii","Kippangog Salaatu 'Alaa Nabii","Kippangog Salaatu 'Alaa Nabii","كيبانغوغ صلاة على النبي"
"hero.title_line1","Une communauté","Mbokk mi","A modern","Una comunità","Una comunidad","مجتمع روحاني"
"hero.title_line2","spirituelle moderne","tax na ci diiney","spiritual community","spirituale moderna","espiritual moderna","حديث في خدمة"
"hero.title_line3","au service du","ngir Salaatu","at the service of","al servizio del","al servicio del","الصلاة على"
"hero.title_line4","Salaatu ﷺ","ci Yonent bi ﷺ","Salaatu ﷺ","Salaatu ﷺ","Salaatu ﷺ","النبي ﷺ"
"hero.subtitle","Créé le 02 Janvier 2021 à Touba, KSN œuvre pour la promotion de la Prière sur le Prophète Muhammad ﷺ à travers une organisation structurée, des activités spirituelles et une communauté internationale engagée.","KSN sosu woon na 02 Sanwiyee 2021 ci Touba, ngir tëralu Salaatu ci Yonent bi Muhammad ﷺ ak yax mbokk mu mag te jëm ci àdduna bi.","Founded on January 2, 2021 in Touba, KSN works to promote prayers upon the Prophet Muhammad ﷺ through a structured organization, spiritual activities, and an engaged international community.","Fondato il 2 gennaio 2021 a Touba, KSN promuove la preghiera sul Profeta Muhammad ﷺ attraverso un'organizzazione strutturata, attività spirituali e una comunità internazionale impegnata.","Fundada el 2 de enero de 2021 en Touba, KSN trabaja para promover el rezo sobre el Profeta Muhammad ﷺ a través de una organización estructurada, actividades espirituales y una comunidad internacional comprometida.","تأسست في 2 يناير 2021 بتوبا، تعمل KSN على تعزيز الصلاة على النبي محمد ﷺ من خلال تنظيم محكم، وأنشطة روحانية، ومجتمع دولي ملتزم."
"hero.card_overline","Vie Institutionnelle KSN","Yoonu Dahira KSN","KSN Institutional Life","Vita Istituzionale KSN","Vida Institucional KSN","الحياة المؤسسية KSN"
"hero.card_title","Organisation & Fonctionnement","Yax & Liggéey","Organization & Operations","Organizzazione & Funzionamento","Organización y Funcionamiento","التنظيم والعمل"
"hero.card_reglement","Règlement Intérieur","Yoon yi","Internal Regulations","Regolamento Interno","Reglamento Interno","النظام الداخلي"
"hero.card_reglement_desc","Statuts, discipline et fonctionnement du Dahira.","Tëralin, jëfandikoo ak liggéey Dahira ji.","Statutes, discipline, and operation of the Dahira.","Statuti, disciplina e funzionamento del Dahira.","Estatutos, disciplina y funcionamiento del Dahira.","النظام الأساسي، الانضباط وعمل الدائرة."
"hero.card_commissions","Commissions Officielles","Kër yi Officielles","Official Commissions","Commissioni Ufficiali","Comisiones Oficiales","اللجان الرسمية"
"hero.card_commissions_desc","Éducation, Communication, Finances, Sociale, Organisation et Relations Extérieures.","Njàng, Joxe-Xibaar, Alal, Mbokk, Yax ak Yokkute ci Bitti.","Education, Communication, Finance, Social, Organization, and External Relations.","Educazione, Comunicazione, Finanze, Sociale, Organizzazione e Relazioni Esterne.","Educación, Comunicación, Finanzas, Social, Organización y Relaciones Exteriores.","التعليم، الاتصال، المالية، الاجتماعية، التنظيم والعلاقات الخارجية."
"hero.card_membre","Vie du Membre","Dund Mbokk mi","Member Life","Vita del Membro","Vida del Miembro","حياة العضو"
"hero.card_membre_desc","Adhésion, participation spirituelle et engagement communautaire.","Bokk, ñaaani, ak ndimbal mbokk mi.","Membership, spiritual participation, and community engagement.","Adesione, partecipazione spirituale e impegno comunitario.","Membresía, participación espiritual y compromiso comunitario.","الانخراط، المشاركة الروحية والالتزام المجتمعي."
"stats.overline","Rayonnement KSN","Leeralu KSN","KSN Outreach","Irraggiamento KSN","Difusión KSN","إشعاع KSN"
"stats.title","Une Communauté Spirituelle Internationale","Mbokk mu Diiney mu Mag","An International Spiritual Community","Una Comunità Spirituale Internazionale","Una Comunidad Espiritual Internacional","مجتمع روحاني دولي"
"stats.creation","Création KSN","KSN sos","KSN Founded","Fondazione KSN","Creación KSN","تأسيس KSN"
"stats.social","Réseaux Sociaux","Réseaux Sociaux","Social Networks","Social Network","Redes Sociales","الشبكات الاجتماعية"
"stats.members","Membres Engagés","Mbokki Jëfandikoo","Engaged Members","Membri Attivi","Miembros Activos","أعضاء فعالون"
"stats.app_users","Utilisateurs App","Jëfandikookat Applikaasion","App Users","Utenti dell'App","Usuarios de la App","مستخدمو التطبيق"
"stats.international","Rayonnement International","Leeral ci Àdduna bi","International Outreach","Irraggiamento Internazionale","Difusión Internacional","إشعاع دولي"
"section.direction_spirituelle","Direction Spirituelle","Doxalin Diiney","Spiritual Direction","Direzione Spirituale","Dirección Espiritual","القيادة الروحية"
"section.presidence_title","Présidence du Dahira","Doxalin Dahira ji","Dahira Presidency","Presidenza del Dahira","Presidencia del Dahira","رئاسة الدائرة"
"section.presidence_desc","Une direction engagée au service du Salaatu, du développement spirituel et du rayonnement international de la KSN.","Doxalin gu jëm ci Salaatu, suqali diiney ak leeralu KSN ci àdduna bi.","Leadership dedicated to Salaatu, spiritual development, and KSN's international outreach.","Una direzione impegnata al servizio del Salaatu, dello sviluppo spirituale e dell'irraggiamento internazionale di KSN.","Una dirección comprometida al servicio del Salaatu, el desarrollo espiritual y la difusión internacional de KSN.","قيادة ملتزمة في خدمة الصلاة، التنمية الروحية والإشعاع الدولي لـ KSN."
"section.organisation_ksn","Organisation KSN","Yax KSN","KSN Organization","Organizzazione KSN","Organización KSN","تنظيم KSN"
"section.commissions_title","Commissions Officielles","Kër yi Officielles","Official Commissions","Commissioni Ufficiali","Comisiones Oficiales","اللجان الرسمية"
"section.media_ksn","Média KSN","Media KSN","KSN Media","Media KSN","Medios KSN","إعلام KSN"
"section.media_title","Activités du Dahira & Vie Communautaire","Liggéey Dahira & Dundu Mbokk","Dahira Activities & Community Life","Attività del Dahira & Vita Comunitaria","Actividades del Dahira y Vida Comunitaria","أنشطة الدائرة والحياة المجتمعية"
"section.communaute_digitale","Communauté Digitale","Mbokk Numerik","Digital Community","Comunità Digitale","Comunidad Digital","المجتمع الرقمي"
"section.suivez_partout","Suivez KSN Partout","Toopal KSN ci kepp","Follow KSN Everywhere","Segui KSN Ovunque","Sigue a KSN en todas partes","تابع KSN في كل مكان"
"section.contact_officiel","Contact Officiel","Jokk Officielle","Official Contact","Contatto Ufficiale","Contacto Oficial","اتصال رسمي"
"section.contact_title","Entrer en Contact","Jokkalal ak nu","Get in Touch","Mettiti in Contatto","Ponte en Contacto","تواصل معنا"
"section.spiritualite_ksn","Spiritualité KSN","Diiney KSN","KSN Spirituality","Spiritualità KSN","Espiritualidad KSN","روحانية KSN"
"section.spiritualite_title","Nourrir le Cœur par le Salaatu ﷺ","Sëf Xol bi ci Salaatu ﷺ","Nourish the Heart through Salaatu ﷺ","Nutrire il Cuore con il Salaatu ﷺ","Nutrir el Corazón con el Salaatu ﷺ","غذاء القلب بالصلاة على النبي ﷺ"
"footer.navigation","Navigation","Doxalin","Navigation","Navigazione","Navegación","التنقل"
"footer.contact","Contact","Jokk","Contact","Contatti","Contacto","اتصل بنا"
"footer.suivez","Suivez-nous","Toopal nu","Follow Us","Seguici","Síguenos","تابعنا"
"footer.mission_title","Mission Spirituelle","Misiyon Diiney","Spiritual Mission","Missione Spirituale","Misión Espiritual","المهمة الروحية"
"footer.mission_quote","Œuvrer pour la promotion de la Prière sur le Prophète Muhammad ﷺ à travers une communauté spirituelle moderne, engagée et internationale.","Liggéey ngir tëralu Salaatu ci Yonent bi Muhammad ﷺ jaarale ko ci mbokk mu mag, jëfandikoo te ci àdduna bi.","Working to promote prayers upon the Prophet Muhammad ﷺ through a modern, engaged, and international spiritual community.","Lavorare per promuovere la preghiera sul Profeta Muhammad ﷺ attraverso una comunità spirituale moderna, impegnata e internazionale.","Trabajar para promover el rezo sobre el Profeta Muhammad ﷺ a través de una comunidad espiritual moderna, comprometida e internacional.","العمل على تعزيز الصلاة على النبي محمد ﷺ من خلال مجتمع روحاني حديث، ملتزم ودولي."
"footer.copyright","Tous droits réservés.","Yoonu yi nepp ñu am.","All rights reserved.","Tutti i diritti riservati.","Todos los derechos reservados.","جميع الحقوق محفوظة."
"salaatu.overline","Salaatou du Jour","Salaatou bu Tey","Salaatu of the Day","Salaatu del Giorno","Salaatu del Día","صلاة اليوم"
"salaatu.title","Le Salaatu Recommandé","Salaatu bu ñu Digal","Recommended Salaatu","Il Salaatu Consigliato","El Salaatu Recomendado","الصلاة الموصى بها"
"salaatu.benefits","Bienfaits","Njariñ yi","Benefits","Benefici","Beneficios","الفوائد"
"salaatu.benefits_text","Lumière dans le cœur, proximité du Prophète ﷺ et bénédictions divines.","Leer ci xol, jegeñentee ak Yonent bi ﷺ, ak barke Yàlla.","Light in the heart, closeness to the Prophet ﷺ, and divine blessings.","Luce nel cuore, vicinanza al Profeta ﷺ e benedizioni divine.","Luz en el corazón, cercanía al Profeta ﷺ y bendiciones divinas.","نور في القلب، قرب من النبي ﷺ، وبركات إلهية."
"salaatu.when","Quand le réciter","Kañ lañ koy waxe","When to recite","Quando recitarlo","Cuándo recitarlo","متى تقرأ"
"salaatu.when_text","À tout moment, particulièrement après les prières et le vendredi.","Ci kepp, rawatina ginnaaw julli ak Aljuma.","Any time, especially after prayers and on Fridays.","In qualsiasi momento, specialmente dopo le preghiere e il venerdì.","En cualquier momento, especialmente después de las oraciones y los viernes.","في أي وقت، خاصة بعد الصلوات ويوم الجمعة."
"salaatu.reward","Récompense","Yool","Reward","Ricompensa","Recompensa","المكافأة"
"salaatu.reward_text","Allah prie 10 fois sur celui qui prie une fois sur le Prophète ﷺ.","Yàlla day julli fukk yoon ci ki julli benn yoon ci Yonent bi ﷺ.","Allah prays 10 times upon the one who prays once upon the Prophet ﷺ.","Allah prega 10 volte su chi prega una volta sul Profeta ﷺ.","Allah reza 10 veces sobre quien reza una vez sobre el Profeta ﷺ.","الله يصلي عشر صلوات على من صلى عليه مرة واحدة."
"ledahira.overline","Le Dahira","Dahira ji","The Dahira","La Dahira","La Dahira","الداهيرا"
"ledahira.title_l1","Une Organisation Spirituelle","Benn mbootaay diiney","A Spiritual Organization","Un'Organizzazione Spirituale","Una Organización Espiritual","منظمة روحية"
"ledahira.title_l2","Moderne & Structurée","bu yees te tëral","Modern & Structured","Moderna e Strutturata","Moderna y Estructurada","حديثة ومنظَّمة"
"ledahira.intro","Fondé le 02 Janvier 2021 à Touba, Kippangog Salaatu 'Alaa Nabii œuvre pour la promotion de la Prière sur le Prophète Muhammad ﷺ, la fraternité spirituelle et le rayonnement du Dahira à travers le monde.","Dahira Kippangog Salaatu 'Alaa Nabii sosu na 02 Sanwiyee 2021 ci Touba, ngir tëralu Salaatu ci Yonent bi Muhammad ﷺ, mbokk ci diiney ak leeralu Dahira ji ci àdduna bi.","Founded on January 2, 2021 in Touba, Kippangog Salaatu 'Alaa Nabii works to promote Prayer upon the Prophet Muhammad ﷺ, spiritual brotherhood and the international outreach of the Dahira.","Fondata il 2 gennaio 2021 a Touba, Kippangog Salaatu 'Alaa Nabii promuove la Preghiera sul Profeta Muhammad ﷺ, la fratellanza spirituale e la diffusione internazionale della Dahira.","Fundada el 2 de enero de 2021 en Tuba, Kippangog Salaatu 'Alaa Nabii promueve la Oración sobre el Profeta Muhammad ﷺ, la fraternidad espiritual y la proyección internacional de la Dahira.","تأسست في 2 يناير 2021 بمدينة طوبى، وتعمل كيبانغوغ صلاة على النبي على نشر الصلاة على النبي محمد ﷺ، والأخوّة الروحية، وإشعاع الداهيرا في العالم."
"ledahira.card1_title","Notre Mission","Sunu Mission","Our Mission","La Nostra Missione","Nuestra Misión","رسالتنا"
"ledahira.card1_text","Promouvoir l'amour du Prophète ﷺ à travers le Salaatu, les Khassidas, les Azkâr et l'éducation spirituelle.","Tax mbëggeel Yonent bi ﷺ jëm kanam ci Salaatu, Khassida yi, Azkâr yi ak njàngum diiney.","To promote love of the Prophet ﷺ through Salaatu, Khassidas, Azkâr and spiritual education.","Promuovere l'amore per il Profeta ﷺ attraverso il Salaatu, le Khassidas, gli Azkâr e l'educazione spirituale.","Promover el amor al Profeta ﷺ a través del Salaatu, las Khassidas, los Azkâr y la educación espiritual.","نشر محبة النبي ﷺ من خلال الصلاة عليه والقصائد والأذكار والتربية الروحية."
"ledahira.card2_title","Bureau du Dahira","Biro Dahira ji","The Dahira Office","Ufficio della Dahira","Oficina de la Dahira","مكتب الداهيرا"
"ledahira.card2_text","Une organisation structurée avec Présidence, Secrétariat Général, Finances, Organisation et plusieurs commissions officielles.","Mbootaay bu tëral ak Njiit, Sekerteer Bu Mag, Alal, Yax ak ay kër yu officiel.","A structured organization with a Presidency, General Secretariat, Finance, Organization and several official commissions.","Un'organizzazione strutturata con Presidenza, Segreteria Generale, Finanze, Organizzazione e diverse commissioni ufficiali.","Una organización estructurada con Presidencia, Secretaría General, Finanzas, Organización y varias comisiones oficiales.","تنظيم منظَّم يضم الرئاسة والأمانة العامة والمالية والتنظيم وعدة لجان رسمية."
"ledahira.card3_title","Vie du Membre","Dund Mbokk mi","Member Life","Vita del Membro","Vida del Miembro","حياة العضو"
"ledahira.card3_text","Participation active au Salaatu, activités spirituelles, événements, application KSN et vie communautaire.","Bokk ci Salaatu, yëngu-yëngu diiney, xew-xew yi, applikaasion KSN ak dund mbokk mi.","Active participation in Salaatu, spiritual activities, events, the KSN app and community life.","Partecipazione attiva al Salaatu, attività spirituali, eventi, app KSN e vita comunitaria.","Participación activa en el Salaatu, actividades espirituales, eventos, la app KSN y la vida comunitaria.","المشاركة الفعّالة في الصلاة على النبي والأنشطة الروحية والفعاليات وتطبيق KSN والحياة المجتمعية."
"ledahira.card4_title","Règlement Intérieur","Yoon yi","Internal Rules","Regolamento Interno","Reglamento Interno","النظام الداخلي"
"ledahira.card4_text","Discipline, engagement spirituel, organisation et principes officiels du Dahira KSN.","Yoon, jële ci diiney, tëralin ak ay sàrti officiel yu Dahira KSN.","Discipline, spiritual commitment, organization and the official principles of the KSN Dahira.","Disciplina, impegno spirituale, organizzazione e principi ufficiali della Dahira KSN.","Disciplina, compromiso espiritual, organización y principios oficiales de la Dahira KSN.","الانضباط والالتزام الروحي والتنظيم والمبادئ الرسمية لداهيرا KSN."
"ledahira.card5_title","Plan d'Actions","Pexem Liggéey","Action Plan","Piano d'Azione","Plan de Acción","خطة العمل"
"ledahira.card5_text","Éducation, Culture, Finances, Sociale, Organisation et développement communautaire.","Njàng, Aada, Alal, Sosial, Yax ak yokkutey mbokk mi.","Education, Culture, Finance, Social affairs, Organization and community development.","Educazione, Cultura, Finanze, Sociale, Organizzazione e sviluppo comunitario.","Educación, Cultura, Finanzas, Social, Organización y desarrollo comunitario.","التعليم والثقافة والمالية والشؤون الاجتماعية والتنظيم والتنمية المجتمعية."
"ledahira.join_title","Rejoindre la KSN","Bokk ci KSN","Join KSN","Unisciti alla KSN","Únete a la KSN","انضم إلى KSN"
"ledahira.join_text","Devenez membre officiel du Dahira et participez à cette mission spirituelle internationale.","Nekkal mbokk bu officiel ci Dahira ji te bokk ci mission diiney bii ci àdduna bi.","Become an official member of the Dahira and take part in this international spiritual mission.","Diventa membro ufficiale della Dahira e partecipa a questa missione spirituale internazionale.","Hazte miembro oficial de la Dahira y participa en esta misión espiritual internacional.","كن عضوًا رسميًا في الداهيرا وشارك في هذه الرسالة الروحية الدولية."
"ledahira.join_cta","Adhérer Maintenant","Bokkal Léegi","Join Now","Aderisci Ora","Adherirse Ahora","انضم الآن"
"presidence.p1_role","Président d'Honneur","","Honorary President","Presidente Onorario","Presidente de Honor","الرئيس الفخري"
"presidence.p1_desc","Guide moral et figure d'accompagnement spirituel du Dahira Kippangog Salaatu 'Alaa Nabii.","","Moral guide and figure of spiritual guidance for the Dahira Kippangog Salaatu 'Alaa Nabii.","Guida morale e figura di accompagnamento spirituale della Dahira Kippangog Salaatu 'Alaa Nabii.","Guía moral y figura de acompañamiento espiritual de la Dahira Kippangog Salaatu 'Alaa Nabii.","مرشد أخلاقي ورمز للمرافقة الروحية لداهيرا كيبانغوغ صلاة على النبي."
"presidence.p2_role","Président & Fondateur","","President & Founder","Presidente e Fondatore","Presidente y Fundador","الرئيس والمؤسس"
"presidence.p2_desc","Fondateur de KSN et initiateur du rayonnement spirituel et communautaire du Dahira.","","Founder of KSN and initiator of the spiritual and community outreach of the Dahira.","Fondatore della KSN e iniziatore della diffusione spirituale e comunitaria della Dahira.","Fundador de la KSN e iniciador de la proyección espiritual y comunitaria de la Dahira.","مؤسس KSN وصاحب مبادرة الإشعاع الروحي والمجتمعي للداهيرا."
"commissions.intro","Les commissions du Dahira Kippangog Salaatu 'Alaa Nabii assurent l'organisation, l'éducation, la solidarité, la communication et le développement spirituel de la communauté.","","The commissions of the Dahira Kippangog Salaatu 'Alaa Nabii ensure the organization, education, solidarity, communication and spiritual development of the community.","Le commissioni della Dahira Kippangog Salaatu 'Alaa Nabii assicurano l'organizzazione, l'educazione, la solidarietà, la comunicazione e lo sviluppo spirituale della comunità.","Las comisiones de la Dahira Kippangog Salaatu 'Alaa Nabii garantizan la organización, la educación, la solidaridad, la comunicación y el desarrollo espiritual de la comunidad.","تتولى لجان داهيرا كيبانغوغ صلاة على النبي تنظيم المجتمع وتعليمه وتضامنه وتواصله وتنميته الروحية."
"commissions.c1_title","Éducation & Culture","","Education & Culture","Educazione e Cultura","Educación y Cultura","التعليم والثقافة"
"commissions.c1_text","Renforcer le lien spirituel des membres à travers le Coran, les Khassidas, le Salaatu quotidien, les conférences et l'éducation islamique.","","Strengthening members' spiritual bond through the Quran, Khassidas, daily Salaatu, conferences and Islamic education.","Rafforzare il legame spirituale dei membri attraverso il Corano, le Khassidas, il Salaatu quotidiano, le conferenze e l'educazione islamica.","Reforzar el vínculo espiritual de los miembros a través del Corán, las Khassidas, el Salaatu diario, las conferencias y la educación islámica.","تعزيز الصلة الروحية للأعضاء من خلال القرآن والقصائد والصلاة اليومية على النبي والمحاضرات والتربية الإسلامية."
"commissions.c2_title","Finances","","Finance","Finanze","Finanzas","المالية"
"commissions.c2_text","Gestion transparente des cotisations, des dons, de la comptabilité et du financement des activités du Dahira.","","Transparent management of dues, donations, accounting and the funding of the Dahira's activities.","Gestione trasparente delle quote, delle donazioni, della contabilità e del finanziamento delle attività della Dahira.","Gestión transparente de las cuotas, las donaciones, la contabilidad y la financiación de las actividades de la Dahira.","إدارة شفافة للاشتراكات والتبرعات والمحاسبة وتمويل أنشطة الداهيرا."
"commissions.c3_title","Sociale & Développement","","Social & Development","Sociale e Sviluppo","Social y Desarrollo","الشؤون الاجتماعية والتنمية"
"commissions.c3_text","Solidarité communautaire, assistance aux membres, projets sociaux et actions de développement.","","Community solidarity, member assistance, social projects and development initiatives.","Solidarietà comunitaria, assistenza ai membri, progetti sociali e azioni di sviluppo.","Solidaridad comunitaria, asistencia a los miembros, proyectos sociales y acciones de desarrollo.","التضامن المجتمعي ومساعدة الأعضاء والمشاريع الاجتماعية وأعمال التنمية."
"commissions.c4_title","Organisation","","Organization","Organizzazione","Organización","التنظيم"
"commissions.c4_text","Coordination des événements, logistique, journées spirituelles, rencontres et activités du Dahira.","","Coordination of events, logistics, spiritual days, gatherings and the Dahira's activities.","Coordinamento degli eventi, logistica, giornate spirituali, incontri e attività della Dahira.","Coordinación de eventos, logística, jornadas espirituales, encuentros y actividades de la Dahira.","تنسيق الفعاليات واللوجستيات والأيام الروحية واللقاءات وأنشطة الداهيرا."
"commissions.c5_title","Communication","","Communication","Comunicazione","Comunicación","التواصل"
"commissions.c5_text","Gestion des annonces officielles, réseaux sociaux, médias, publications et rayonnement numérique.","","Management of official announcements, social media, press, publications and digital outreach.","Gestione degli annunci ufficiali, social media, stampa, pubblicazioni e diffusione digitale.","Gestión de anuncios oficiales, redes sociales, medios, publicaciones y proyección digital.","إدارة الإعلانات الرسمية ووسائل التواصل الاجتماعي والإعلام والمنشورات والإشعاع الرقمي."
"commissions.c6_title","Relations Extérieures","","External Relations","Relazioni Esterne","Relaciones Exteriores","العلاقات الخارجية"
"commissions.c6_text","Développement des partenariats, représentation institutionnelle et ouverture internationale du Dahira.","","Development of partnerships, institutional representation and the Dahira's international openness.","Sviluppo di partenariati, rappresentanza istituzionale e apertura internazionale della Dahira.","Desarrollo de alianzas, representación institucional y apertura internacional de la Dahira.","تطوير الشراكات والتمثيل المؤسسي والانفتاح الدولي للداهيرا."
"commissions.c7_title","Administratif","","Administration","Amministrazione","Administración","الإدارة"
"commissions.c7_text","Gestion administrative générale, démarches institutionnelles, suivi des dossiers et conformité du Dahira.","","General administrative management, institutional procedures, file follow-up and the Dahira's compliance.","Gestione amministrativa generale, pratiche istituzionali, monitoraggio dei dossier e conformità della Dahira.","Gestión administrativa general, trámites institucionales, seguimiento de expedientes y conformidad de la Dahira.","الإدارة العامة والإجراءات المؤسسية ومتابعة الملفات وامتثال الداهيرا."
"commissions.c8_title","Secrétariat","","Secretariat","Segreteria","Secretaría","الأمانة"
"commissions.c8_text","Tenue des comptes-rendus, organisation des réunions, archivage des documents et correspondance officielle.","","Keeping minutes, organizing meetings, archiving documents and official correspondence.","Redazione dei verbali, organizzazione delle riunioni, archiviazione dei documenti e corrispondenza ufficiale.","Redacción de actas, organización de reuniones, archivo de documentos y correspondencia oficial.","تدوين المحاضر وتنظيم الاجتماعات وأرشفة الوثائق والمراسلات الرسمية."
"motpresident.title","Le Mot du Président d'Honneur","","A Word from the Honorary President","Il Messaggio del Presidente Onorario","Las Palabras del Presidente de Honor","كلمة الرئيس الفخري"
"motpresident.p1","« Chers frères et sœurs en Islam, membres engagés du Dahira Kippangog Salaatu 'Alaa Nabii. C'est avec une profonde gratitude envers Allah ﷻ et un immense amour pour Son Prophète Bien-aimé Muhammad ﷺ que je m'adresse à vous. La mission spirituelle qui nous réunit est noble : propager la prière sur le Messager de Dieu ﷺ, qui est la clé de la paix intérieure, de la réussite spirituelle et du salut éternel. »","","« Dear brothers and sisters in Islam, committed members of the Dahira Kippangog Salaatu 'Alaa Nabii. It is with deep gratitude to Allah ﷻ and immense love for His beloved Prophet Muhammad ﷺ that I address you. The spiritual mission that unites us is noble: to spread the prayer upon the Messenger of God ﷺ, which is the key to inner peace, spiritual success and eternal salvation. »","« Cari fratelli e sorelle nell'Islam, membri impegnati della Dahira Kippangog Salaatu 'Alaa Nabii. È con profonda gratitudine verso Allah ﷻ e immenso amore per il Suo amato Profeta Muhammad ﷺ che mi rivolgo a voi. La missione spirituale che ci unisce è nobile: diffondere la preghiera sul Messaggero di Dio ﷺ, che è la chiave della pace interiore, del successo spirituale e della salvezza eterna. »","« Queridos hermanos y hermanas en el Islam, miembros comprometidos de la Dahira Kippangog Salaatu 'Alaa Nabii. Es con profunda gratitud hacia Allah ﷻ e inmenso amor por Su amado Profeta Muhammad ﷺ que me dirijo a ustedes. La misión espiritual que nos une es noble: difundir la oración sobre el Mensajero de Dios ﷺ, que es la llave de la paz interior, del éxito espiritual y de la salvación eterna. »","«إخواني وأخواتي في الإسلام، أعضاء داهيرا كيبانغوغ صلاة على النبي الملتزمين. بامتنانٍ عميق لله ﷻ ومحبةٍ كبيرة لنبيه الحبيب محمد ﷺ أتوجّه إليكم. إنّ الرسالة الروحية التي تجمعنا نبيلة: نشر الصلاة على رسول الله ﷺ، التي هي مفتاح السكينة الداخلية والنجاح الروحي والنجاة الأبدية.»"
"motpresident.p2","« Notre force réside dans notre unité, notre dévotion et notre discipline spirituelle. Le Challenge du milliard de Salaatou et l'application KSN sont des outils modernes mis à notre service pour unir nos voix et multiplier nos mérites. J'exhorte chaque adhérent à être assidu dans ses récitations quotidiennes et à œuvrer activement pour la cohésion et le rayonnement de notre Dahira. »","","« Our strength lies in our unity, our devotion and our spiritual discipline. The Billion Salaatu Challenge and the KSN app are modern tools placed at our service to unite our voices and multiply our merits. I urge every member to be diligent in their daily recitations and to work actively for the cohesion and outreach of our Dahira. »","« La nostra forza risiede nella nostra unità, nella nostra devozione e nella nostra disciplina spirituale. La Sfida del miliardo di Salaatu e l'app KSN sono strumenti moderni al nostro servizio per unire le nostre voci e moltiplicare i nostri meriti. Esorto ogni membro a essere assiduo nelle recitazioni quotidiane e a operare attivamente per la coesione e la diffusione della nostra Dahira. »","« Nuestra fuerza reside en nuestra unidad, nuestra devoción y nuestra disciplina espiritual. El Reto del millardo de Salaatu y la app KSN son herramientas modernas a nuestro servicio para unir nuestras voces y multiplicar nuestros méritos. Exhorto a cada miembro a ser constante en sus recitaciones diarias y a trabajar activamente por la cohesión y la proyección de nuestra Dahira. »","«قوّتنا تكمن في وحدتنا وتفانينا وانضباطنا الروحي. إنّ تحدّي المليار صلاة وتطبيق KSN أداتان حديثتان في خدمتنا لتوحيد أصواتنا ومضاعفة أجورنا. وأحثّ كلّ عضو على المواظبة على أوراده اليومية والعمل بنشاط من أجل تماسك داهيرتنا وإشعاعها.»"
"motpresident.p3","« Que la bénédiction d'Allah se répande sur chacun d'entre vous, sur vos familles et sur toute la communauté KSN. Que la prière sur le Prophète ﷺ illumine vos cœurs et purifie vos âmes. »","","« May Allah's blessing spread upon each one of you, upon your families and upon the entire KSN community. May the prayer upon the Prophet ﷺ illuminate your hearts and purify your souls. »","« Che la benedizione di Allah si diffonda su ciascuno di voi, sulle vostre famiglie e su tutta la comunità KSN. Che la preghiera sul Profeta ﷺ illumini i vostri cuori e purifichi le vostre anime. »","« Que la bendición de Allah se extienda sobre cada uno de ustedes, sobre sus familias y sobre toda la comunidad KSN. Que la oración sobre el Profeta ﷺ ilumine sus corazones y purifique sus almas. »","«أن تَعمّ بركة الله كلَّ واحد منكم وأسركم وكامل مجتمع KSN. وأن تنوّر الصلاة على النبي ﷺ قلوبكم وتطهّر نفوسكم.»"
"motpresident.signature_role","Président d'Honneur du Dahira KSN","","Honorary President of the KSN Dahira","Presidente Onorario della Dahira KSN","Presidente de Honor de la Dahira KSN","الرئيس الفخري لداهيرا KSN"
"dahirapage.hero_overline","Organisation Spirituelle","Mbootaay Diiney","Spiritual Organization","Organizzazione Spirituale","Organización Espiritual","منظمة روحية"
"dahirapage.hero_title","Le Dahira KSN","Dahira KSN","The KSN Dahira","La Dahira KSN","La Dahira KSN","داهيرا KSN"
"dahirapage.hero_desc","Découvrez la présidence, les commissions officielles, le règlement intérieur et toute l'organisation du Dahira Kippangog Salaatu 'Alaa Nabii.","Xamal njiit gi, ay kër yu officiel yi, yoon yi ak tëralinu Dahira Kippangog Salaatu 'Alaa Nabii.","Discover the presidency, the official commissions, the internal rules and the entire organization of the Dahira Kippangog Salaatu 'Alaa Nabii.","Scopri la presidenza, le commissioni ufficiali, il regolamento interno e tutta l'organizzazione della Dahira Kippangog Salaatu 'Alaa Nabii.","Descubre la presidencia, las comisiones oficiales, el reglamento interno y toda la organización de la Dahira Kippangog Salaatu 'Alaa Nabii.","اكتشف الرئاسة واللجان الرسمية والنظام الداخلي وكامل تنظيم داهيرا كيبانغوغ صلاة على النبي."
"documents.overline","Ressources & Transparence","Jumtukaay & Leeral","Resources & Transparency","Risorse e Trasparenza","Recursos y Transparencia","الموارد والشفافية"
"documents.title","Documents Officiels KSN","Ay kayit yu officiel KSN","Official KSN Documents","Documenti Ufficiali KSN","Documentos Oficiales KSN","وثائق KSN الرسمية"
"documents.intro","Consultez et téléchargez les documents de référence qui régissent l'organisation et le fonctionnement du Dahira Kippangog Salaatu 'Alaa Nabii.","Xoolal te yeb ay kayit yu njëkk yi tax na tëralin ak liggéeyu Dahira Kippangog Salaatu 'Alaa Nabii.","Browse and download the reference documents that govern the organization and operation of the Dahira Kippangog Salaatu 'Alaa Nabii.","Consulta e scarica i documenti di riferimento che regolano l'organizzazione e il funzionamento della Dahira Kippangog Salaatu 'Alaa Nabii.","Consulta y descarga los documentos de referencia que rigen la organización y el funcionamiento de la Dahira Kippangog Salaatu 'Alaa Nabii.","اطّلع على الوثائق المرجعية التي تنظّم عمل داهيرا كيبانغوغ صلاة على النبي وحمّلها."
"documents.download_btn","Télécharger le document PDF","Yeb kayit PDF bi","Download the PDF document","Scarica il documento PDF","Descargar el documento PDF","تحميل ملف PDF"
"organigramme.overline","Gouvernance","Njiit","Governance","Governance","Gobernanza","الحوكمة"
"organigramme.title","Organigramme du Bureau KSN","Tëralinu Biro KSN","KSN Bureau Org Chart","Organigramma dell'Ufficio KSN","Organigrama de la Oficina KSN","الهيكل التنظيمي لمكتب KSN"
"organigramme.intro","Découvrez la structure hiérarchique et fonctionnelle des 12 postes officiels qui composent l'administration internationale de notre Dahira.","Xamal tëralin ak liggéeyu fukk ak ñaari palaas yu officiel yi tax na nguurug Dahira bi ci àdduna bi.","Discover the hierarchical and functional structure of the 12 official positions that make up the international administration of our Dahira.","Scopri la struttura gerarchica e funzionale delle 12 cariche ufficiali che compongono l'amministrazione internazionale della nostra Dahira.","Descubre la estructura jerárquica y funcional de los 12 cargos oficiales que componen la administración internacional de nuestra Dahira.","اكتشف الهيكل الهرمي والوظيفي للمناصب الرسمية الاثني عشر التي تشكّل الإدارة الدولية لداهيرتنا."
"organigramme.level1","Direction Spirituelle & Fondateurs","Njiitu Diiney & Sosukat yi","Spiritual Leadership & Founders","Direzione Spirituale e Fondatori","Dirección Espiritual y Fundadores","القيادة الروحية والمؤسسون"
"organigramme.level2","Secrétariat Général & Trésorerie","Sekerteer Bu Mag & Alal","General Secretariat & Treasury","Segreteria Generale e Tesoreria","Secretaría General y Tesorería","الأمانة العامة والخزينة"
"organigramme.level3","Commissions Spécialisées","Ay Kër yu Tofar","Specialized Commissions","Commissioni Specializzate","Comisiones Especializadas","اللجان المتخصصة"
"organigramme.vacant","Poste à pourvoir / Éditable","Palaas bu feeñ / Mën a soppi","Position open / Editable","Posto vacante / Modificabile","Puesto vacante / Editable","منصب شاغر / قابل للتعديل"
"organigramme.commission_chief","Chef de commission","Njiitu kër gi","Commission Head","Capo commissione","Jefe de comisión","رئيس اللجنة"
"organigramme.dir1_desc","Guide spirituel moral, garant des valeurs et des orientations de la KSN.","Njiit ci diiney ak jikko, kuy aar jikko ak yoonu KSN.","Moral spiritual guide, guarantor of KSN's values and direction.","Guida spirituale e morale, garante dei valori e degli orientamenti della KSN.","Guía espiritual y moral, garante de los valores y orientaciones de la KSN.","المرشد الروحي والأخلاقي، الضامن لقيم وتوجهات KSN."
"organigramme.dir2_desc","Fondateur et directeur exécutif, gère la coordination générale internationale.","Sosukat te njiit, mu jëf coordination bi ci àdduna bi.","Founder and executive director, manages overall international coordination.","Fondatore e direttore esecutivo, gestisce il coordinamento generale internazionale.","Fundador y director ejecutivo, gestiona la coordinación general internacional.","المؤسس والمدير التنفيذي، يدير التنسيق العام الدولي."
"organigramme.sec1_title","Secrétaire Général","Sekerteer Bu Mag","Secretary General","Segretario Generale","Secretario General","الأمين العام"
"organigramme.sec1_desc","Gère l'administration, la correspondance officielle et l'archivage.","Mu jëf nguur, mbind yu officiel ak denc.","Manages administration, official correspondence and archiving.","Gestisce l'amministrazione, la corrispondenza ufficiale e l'archiviazione.","Gestiona la administración, la correspondencia oficial y el archivo.","يدير الإدارة والمراسلات الرسمية والأرشفة."
"organigramme.sec2_title","Secrétaire Général Adjoint","Sekerteer Bu Mag Adjoint","Deputy Secretary General","Vice Segretario Generale","Secretario General Adjunto","نائب الأمين العام"
"organigramme.sec2_desc","Assiste le Secrétaire Général dans toutes les tâches administratives.","Mu dimbali Sekerteer Bu Mag ci liggéey yu nguur yépp.","Assists the Secretary General in all administrative tasks.","Assiste il Segretario Generale in tutti i compiti amministrativi.","Asiste al Secretario General en todas las tareas administrativas.","يساعد الأمين العام في جميع المهام الإدارية."
"organigramme.sec3_title","Trésorier Général","Tresorier Bu Mag","Treasurer General","Tesoriere Generale","Tesorero General","أمين الخزينة العام"
"organigramme.sec3_desc","Gère le patrimoine financier du Dahira et présente les bilans comptables.","Mu topptoo alalu Dahira ji te wone bilan yi.","Manages the Dahira's financial assets and presents the accounts.","Gestisce il patrimonio finanziario della Dahira e presenta i bilanci.","Gestiona el patrimonio financiero de la Dahira y presenta los balances.","يدير الأصول المالية للداهيرا ويقدّم الميزانيات."
"organigramme.sec4_title","Trésorier Général Adjoint","Tresorier Bu Mag Adjoint","Deputy Treasurer General","Vice Tesoriere Generale","Tesorero General Adjunto","نائب أمين الخزينة العام"
"organigramme.sec4_desc","Seconde le trésorier dans les flux financiers et la comptabilité courante.","Mu dimbali tresorier bi ci alal ak comptabilité.","Supports the treasurer with financial flows and day-to-day accounting.","Affianca il tesoriere nei flussi finanziari e nella contabilità corrente.","Apoya al tesorero en los flujos financieros y la contabilidad corriente.","يعاون أمين الخزينة في التدفقات المالية والمحاسبة اليومية."
"organigramme.com1_title","Commission Administrative","Kër Administratif","Administrative Commission","Commissione Amministrativa","Comisión Administrativa","اللجنة الإدارية"
"organigramme.com1_desc","Gère le registre des membres, les inscriptions, la validation des profils et cartes.","Mu topptoo registar mbokk yi, inscriptions ak validation kart yi.","Manages the member registry, registrations, and the validation of profiles and cards.","Gestisce il registro dei membri, le iscrizioni e la convalida dei profili e delle tessere.","Gestiona el registro de miembros, las inscripciones y la validación de perfiles y tarjetas.","تدير سجل الأعضاء والتسجيلات والتحقق من الملفات والبطاقات."
"organigramme.com2_title","Commission Finances & Logistique","Kër Alal & Logistique","Finance & Logistics Commission","Commissione Finanze e Logistica","Comisión Finanzas y Logística","لجنة المالية واللوجستيك"
"organigramme.com2_desc","Responsable de la boutique, de la gestion des stocks et de la logistique d'approvisionnement.","Ku topptoo boutique bi, stock ak logistique.","Responsible for the shop, stock management and supply logistics.","Responsabile del negozio, della gestione delle scorte e della logistica di approvvigionamento.","Responsable de la tienda, la gestión de existencias y la logística de aprovisionamiento.","مسؤولة عن المتجر وإدارة المخزون ولوجستيك التموين."
"organigramme.com3_title","Commission Culturelle & Éducation","Kër Aada & Njàng","Culture & Education Commission","Commissione Cultura ed Educazione","Comisión Cultural y Educación","لجنة الثقافة والتعليم"
"organigramme.com3_desc","Gère l'apprentissage des prières, la bibliothèque spirituelle des Salaats et les conférences.","Mu jëf njàngum ñaan yi, bibliothèque Salaat yi ak ndaje yi.","Manages prayer learning, the spiritual library of Salaats and conferences.","Gestisce l'apprendimento delle preghiere, la biblioteca spirituale dei Salaat e le conferenze.","Gestiona el aprendizaje de las oraciones, la biblioteca espiritual de los Salaats y las conferencias.","تدير تعلّم الصلوات والمكتبة الروحية للصلوات والمحاضرات."
"organigramme.com4_title","Commission Communication & Médias","Kër Communication & Media","Communication & Media Commission","Commissione Comunicazione e Media","Comisión Comunicación y Medios","لجنة التواصل والإعلام"
"organigramme.com4_desc","Gère les réseaux sociaux du Dahira, le site web, le matériel audiovisuel et les flux en direct.","Mu jëf réseaux sociaux Dahira ji, site bi, audiovisuel ak direct yi.","Manages the Dahira's social media, website, audiovisual material and live streams.","Gestisce i social media della Dahira, il sito web, il materiale audiovisivo e le dirette.","Gestiona las redes sociales de la Dahira, el sitio web, el material audiovisual y las transmisiones en directo.","تدير وسائل التواصل الاجتماعي للداهيرا والموقع والمواد السمعية البصرية والبث المباشر."
"organigramme.com5_title","Commission Organisation","Kër Organisation","Organization Commission","Commissione Organizzazione","Comisión Organización","لجنة التنظيم"
"organigramme.com5_desc","Gère la préparation logistique des grands événements et la gestion du public.","Mu jëf waajalu xew-xew yu mag yi ak topptoo nit ñi.","Manages the logistical preparation of major events and crowd management.","Gestisce la preparazione logistica dei grandi eventi e la gestione del pubblico.","Gestiona la preparación logística de los grandes eventos y la gestión del público.","تدير التحضير اللوجستي للفعاليات الكبرى وتنظيم الجمهور."
"organigramme.com6_title","Commission Sociale & Solidarité","Kër Sosial & Bokk-jëf","Social & Solidarity Commission","Commissione Sociale e Solidarietà","Comisión Social y Solidaridad","اللجنة الاجتماعية والتضامن"
"organigramme.com6_desc","Assure l'entraide sociale entre les membres, la solidarité communautaire et les actions caritatives.","Mu wóoral ndimbal ci mbokk yi, bokk-jëf ak jëf yu sàddax.","Ensures social mutual aid among members, community solidarity and charitable actions.","Garantisce il mutuo aiuto sociale tra i membri, la solidarietà comunitaria e le azioni caritatevoli.","Garantiza la ayuda mutua social entre los miembros, la solidaridad comunitaria y las acciones caritativas.","تضمن التكافل الاجتماعي بين الأعضاء والتضامن المجتمعي والأعمال الخيرية."
"histoire.hero_overline","Notre histoire","Sunu Taariix","Our story","La nostra storia","Nuestra historia","تاريخنا"
"histoire.hero_title","De Touba au monde, depuis 2021","Dale Touba ba àdduna bi, dale 2021","From Touba to the world, since 2021","Da Touba al mondo, dal 2021","De Tuba al mundo, desde 2021","من طوبى إلى العالم، منذ 2021"
"histoire.hero_desc","L'histoire du Dahira Kippangog Salaatu ʿAlaa Nabii : un cercle de fidèles devenu un mouvement spirituel international, animé par une seule intention — multiplier les prières sur le Prophète Muhammad ﷺ à travers le monde.","Taariixu Dahira Kippangog Salaatu ʿAlaa Nabii: benn mbooloo mu ngëm mu nekk benn yëngu-yëngu diiney ci àdduna bi, ku ko jëme benn yéene rekk — yokk salaatu ci Yonent bi Muhammad ﷺ ci àdduna bépp.","The story of the Dahira Kippangog Salaatu ʿAlaa Nabii: a circle of believers that became an international spiritual movement, driven by a single intention — to multiply prayers upon the Prophet Muhammad ﷺ around the world.","La storia della Dahira Kippangog Salaatu ʿAlaa Nabii: un circolo di fedeli diventato un movimento spirituale internazionale, animato da una sola intenzione — moltiplicare le preghiere sul Profeta Muhammad ﷺ in tutto il mondo.","La historia de la Dahira Kippangog Salaatu ʿAlaa Nabii: un círculo de fieles convertido en un movimiento espiritual internacional, animado por una sola intención — multiplicar las oraciones sobre el Profeta Muhammad ﷺ en todo el mundo.","قصة داهيرا كيبانغوغ صلاة على النبي: حلقة من المؤمنين أصبحت حركة روحية دولية، تحرّكها نيّة واحدة — مضاعفة الصلاة على النبي محمد ﷺ في كل أنحاء العالم."
"histoire.origins_overline","Les origines","Tukkikaay yi","The origins","Le origini","Los orígenes","الأصول"
"histoire.origins_title","Une vision née à Touba","Benn gis-gis bu juddoo ci Touba","A vision born in Touba","Una visione nata a Touba","Una visión nacida en Tuba","رؤية وُلدت في طوبى"
"histoire.origins_p1","Le 2 janvier 2021, à Touba, capitale spirituelle de la voie mouride et terre du Cheikh Ahmadou Bamba (qu'Allah l'agrée), un cercle de fidèles s'est constitué autour d'une conviction simple : la prière sur le Prophète Muhammad ﷺ ne doit pas rester un acte solitaire — elle doit devenir un mouvement collectif, structuré et international.","Ci 2 Sanwiyee 2021, ci Touba, péeyu diiney bu yoonu murit te suufu Cheikh Ahmadou Bamba (yal na ko Yàlla gërëm), benn mbooloo mu ngëm tëral na ci benn ngëm bu yomb: salaatu ci Yonent bi Muhammad ﷺ warul a des benn jëf bu kenn — war na nekk benn yëngu-yëngu mu mboole, mu tëral te mu àddunaay.","On January 2, 2021, in Touba, spiritual capital of the Mouride path and land of Cheikh Ahmadou Bamba (may Allah be pleased with him), a circle of believers came together around a simple conviction: prayer upon the Prophet Muhammad ﷺ must not remain a solitary act — it must become a collective, structured and international movement.","Il 2 gennaio 2021, a Touba, capitale spirituale della via muride e terra dello Cheikh Ahmadou Bamba (che Allah sia soddisfatto di lui), un circolo di fedeli si è costituito attorno a una semplice convinzione: la preghiera sul Profeta Muhammad ﷺ non deve restare un atto solitario — deve diventare un movimento collettivo, strutturato e internazionale.","El 2 de enero de 2021, en Tuba, capital espiritual de la vía muride y tierra del Cheikh Ahmadou Bamba (que Allah esté complacido con él), un círculo de fieles se constituyó en torno a una simple convicción: la oración sobre el Profeta Muhammad ﷺ no debe quedar como un acto solitario — debe convertirse en un movimiento colectivo, estructurado e internacional.","في 2 يناير 2021، بمدينة طوبى، العاصمة الروحية للطريقة المريدية وأرض الشيخ أحمدو بامبا (رضي الله عنه)، تشكّلت حلقة من المؤمنين حول قناعة بسيطة: الصلاة على النبي محمد ﷺ يجب ألا تبقى عملاً فردياً — بل ينبغي أن تصبح حركة جماعية منظَّمة ودولية."
"histoire.origins_p2","De cette intention est né le Dahira","Ci yéene boobu la juddoo Dahira","From this intention was born the Dahira","Da questa intenzione è nata la Dahira","De esta intención nació la Dahira","من هذه النية وُلدت الداهيرا"
"histoire.origins_p3","Cinq ans plus tard, le Dahira rassemble des milliers de membres à travers l'Afrique, l'Europe, l'Amérique et l'Asie — tous unis dans un même geste quotidien : la récitation de la Prière sur le Sceau des Prophètes ﷺ.","Juróomi at ginaaw, Dahira ji dajale na ay junniy mbokk ci Afrik, Tugal, Amerik ak Asi — ñoom ñépp benoo ci benn jëf bu bés bu nekk: jàng salaatu ci Mujjantalu Yonent yi ﷺ.","Five years later, the Dahira brings together thousands of members across Africa, Europe, America and Asia — all united in a single daily gesture: the recitation of the Prayer upon the Seal of the Prophets ﷺ.","Cinque anni dopo, la Dahira riunisce migliaia di membri in Africa, Europa, America e Asia — tutti uniti in un unico gesto quotidiano: la recitazione della Preghiera sul Sigillo dei Profeti ﷺ.","Cinco años después, la Dahira reúne a miles de miembros en África, Europa, América y Asia — todos unidos en un mismo gesto diario: la recitación de la Oración sobre el Sello de los Profetas ﷺ.","بعد خمس سنوات، تجمع الداهيرا آلاف الأعضاء عبر إفريقيا وأوروبا وأمريكا وآسيا — كلهم متّحدون في عمل يومي واحد: تلاوة الصلاة على خاتم الأنبياء ﷺ."
"histoire.stat1_label","ans d'existence","at ci dund","years of existence","anni di esistenza","años de existencia","سنوات من الوجود"
"histoire.stat2_label","membres actifs","mbokk yu jëfandikoo","active members","membri attivi","miembros activos","عضو نشط"
"histoire.stat3_label","continents","kontinaŋ","continents","continenti","continentes","قارات"
"histoire.stat4_label","Salaatu visés","Salaatu yu ñu jublu","Salaatu targeted","Salaatu mirati","Salaatu objetivo","صلاة مستهدفة"
"histoire.timeline_overline","Les grandes étapes","Tolluwaay yu mag yi","Key milestones","Le grandi tappe","Las grandes etapas","المحطات الكبرى"
"histoire.timeline_title","Les jalons de notre histoire","Tolluwaayu sunu taariix","The milestones of our story","Le tappe della nostra storia","Los hitos de nuestra historia","محطات تاريخنا"
"histoire.timeline_desc","Une trajectoire qui passe du local au global, du papier au numérique, du cercle fondateur à la communauté internationale.","Benn yoon bu jóge ci local ba global, ci kayit ba numerik, ci mbooloo mu sos ba mbooloo mu àddunaay.","A journey from local to global, from paper to digital, from the founding circle to the international community.","Un percorso che va dal locale al globale, dalla carta al digitale, dal circolo fondatore alla comunità internazionale.","Una trayectoria que va de lo local a lo global, del papel a lo digital, del círculo fundador a la comunidad internacional.","مسار ينتقل من المحلي إلى العالمي، ومن الورق إلى الرقمي، ومن الحلقة المؤسِّسة إلى المجتمع الدولي."
"histoire.m1_date","02 janvier","02 Sanwiyee","January 2","2 gennaio","2 de enero","2 يناير"
"histoire.m1_title","Fondation du Dahira à Touba","Sosu Dahira ji ci Touba","Founding of the Dahira in Touba","Fondazione della Dahira a Touba","Fundación de la Dahira en Tuba","تأسيس الداهيرا في طوبى"
"histoire.m1_text","Un cercle de fidèles, sous l'impulsion de Serigne Birima Gueye, crée officiellement le Dahira Kippangog Salaatu ʿAlaa Nabii avec une mission claire : faire de la prière sur le Prophète Muhammad ﷺ un acte communautaire quotidien, structuré et rayonnant à l'international.","Benn mbooloo mu ngëm, ci ndigalu Serigne Birima Gueye, sos na ci officiel Dahira Kippangog Salaatu ʿAlaa Nabii ak benn yéene bu leer: def salaatu ci Yonent bi Muhammad ﷺ benn jëf bu mbokk bu bés bu nekk, bu tëral te mu leeral ci àdduna bi.","A circle of believers, led by Serigne Birima Gueye, officially creates the Dahira Kippangog Salaatu ʿAlaa Nabii with a clear mission: to make prayer upon the Prophet Muhammad ﷺ a daily, structured community act radiating internationally.","Un circolo di fedeli, guidato da Serigne Birima Gueye, crea ufficialmente la Dahira Kippangog Salaatu ʿAlaa Nabii con una missione chiara: fare della preghiera sul Profeta Muhammad ﷺ un atto comunitario quotidiano, strutturato e di risonanza internazionale.","Un círculo de fieles, bajo el impulso de Serigne Birima Gueye, crea oficialmente la Dahira Kippangog Salaatu ʿAlaa Nabii con una misión clara: hacer de la oración sobre el Profeta Muhammad ﷺ un acto comunitario diario, estructurado y de proyección internacional.","حلقة من المؤمنين، بمبادرة من سيرين بيريما غاي، تُنشئ رسمياً داهيرا كيبانغوغ صلاة على النبي برسالة واضحة: جعل الصلاة على النبي محمد ﷺ عملاً مجتمعياً يومياً منظَّماً يشعّ على المستوى الدولي."
"histoire.m2_date","Chaque semaine","Ayu-bés bu nekk","Every week","Ogni settimana","Cada semana","كل أسبوع"
"histoire.m2_title","Des millions de Salaatu ʿAlaa Nabii","Ay milyoŋ Salaatu ʿAlaa Nabii","Millions of Salaatu ʿAlaa Nabii","Milioni di Salaatu ʿAlaa Nabii","Millones de Salaatu ʿAlaa Nabii","ملايين الصلوات على النبي"
"histoire.m2_text","Dès la première année, la communauté se réunit régulièrement pour réciter ensemble des millions de Prières sur le Prophète Muhammad ﷺ. Cette pratique collective devient le cœur battant et l'identité du Dahira.","Dale ci at bu njëkk, mbooloo mi dafa daje ngir jàng ndaw ay milyoŋ Salaatu ci Yonent bi Muhammad ﷺ. Jëf bii bu mboole nekk na xolu Dahira ji ak ay melokaanam.","From the very first year, the community gathers regularly to recite together millions of Prayers upon the Prophet Muhammad ﷺ. This collective practice becomes the beating heart and identity of the Dahira.","Fin dal primo anno, la comunità si riunisce regolarmente per recitare insieme milioni di Preghiere sul Profeta Muhammad ﷺ. Questa pratica collettiva diventa il cuore pulsante e l'identità della Dahira.","Desde el primer año, la comunidad se reúne con regularidad para recitar juntos millones de Oraciones sobre el Profeta Muhammad ﷺ. Esta práctica colectiva se convierte en el corazón palpitante y la identidad de la Dahira.","منذ السنة الأولى، يجتمع المجتمع بانتظام لتلاوة ملايين الصلوات على النبي محمد ﷺ معاً. تصبح هذه الممارسة الجماعية القلب النابض وهوية الداهيرا."
"histoire.m3_date","Anniversaire","Anniversaire","Anniversary","Anniversario","Aniversario","الذكرى السنوية"
"histoire.m3_title","Visite à Serigne Ahmadou Mbacké — Daroul Mouhty","Seetu Serigne Ahmadou Mbacké — Daroul Mouhty","Visit to Serigne Ahmadou Mbacké — Daroul Mouhty","Visita a Serigne Ahmadou Mbacké — Daroul Mouhty","Visita a Serigne Ahmadou Mbacké — Daroul Mouhty","زيارة سيرين أحمدو امباكي — دارو موهتي"
"histoire.m3_text","Pour l'anniversaire du Dahira, une délégation rend visite à Serigne Ahmadou Mbacké à Daroul Mouhty, pour une interview sur les immenses bienfaits du Salaatu ʿAlaa Nabii.","Ci anniversaire Dahira ji, benn delegasiyoŋ seetu na Serigne Ahmadou Mbacké ci Daroul Mouhty, ngir benn waxtaan ci njariñ yu mag yu Salaatu ʿAlaa Nabii.","For the Dahira's anniversary, a delegation visits Serigne Ahmadou Mbacké in Daroul Mouhty for an interview on the immense benefits of the Salaatu ʿAlaa Nabii.","Per l'anniversario della Dahira, una delegazione fa visita a Serigne Ahmadou Mbacké a Daroul Mouhty, per un'intervista sugli immensi benefici del Salaatu ʿAlaa Nabii.","Por el aniversario de la Dahira, una delegación visita a Serigne Ahmadou Mbacké en Daroul Mouhty, para una entrevista sobre los inmensos beneficios del Salaatu ʿAlaa Nabii.","بمناسبة ذكرى الداهيرا، يزور وفد سيرين أحمدو امباكي في دارو موهتي، لإجراء مقابلة حول الفوائد العظيمة للصلاة على النبي."
"histoire.m4_date","Anniversaire","Anniversaire","Anniversary","Anniversario","Aniversario","الذكرى السنوية"
"histoire.m4_title","Causerie auprès de Serigne Khalil Mbacké","Waxtaan ak Serigne Khalil Mbacké","Talk with Serigne Khalil Mbacké","Conversazione con Serigne Khalil Mbacké","Charla con Serigne Khalil Mbacké","محاضرة مع سيرين خليل امباكي"
"histoire.m4_text","À l'occasion de l'anniversaire, la communauté est reçue par Serigne Khalil Mbacké pour une causerie spirituelle dédiée aux bienfaits et aux mérites de la Prière sur le Prophète Muhammad ﷺ.","Ci anniversaire bi, Serigne Khalil Mbacké teeru na mbooloo mi ngir benn waxtaanu diiney ci njariñ ak teraangay salaatu ci Yonent bi Muhammad ﷺ.","On the occasion of the anniversary, the community is received by Serigne Khalil Mbacké for a spiritual talk dedicated to the benefits and merits of Prayer upon the Prophet Muhammad ﷺ.","In occasione dell'anniversario, la comunità è ricevuta da Serigne Khalil Mbacké per una conversazione spirituale dedicata ai benefici e ai meriti della Preghiera sul Profeta Muhammad ﷺ.","Con ocasión del aniversario, la comunidad es recibida por Serigne Khalil Mbacké para una charla espiritual dedicada a los beneficios y méritos de la Oración sobre el Profeta Muhammad ﷺ.","بمناسبة الذكرى، يستقبل سيرين خليل امباكي المجتمع لمحاضرة روحية مخصّصة لفوائد ومناقب الصلاة على النبي محمد ﷺ."
"histoire.m5_date","30 décembre","30 Desàmbar","December 30","30 dicembre","30 de diciembre","30 ديسمبر"
"histoire.m5_title","1ʳᵉ Journée Salaatu ʿAlaa Nabii","1er Bisu Salaatu ʿAlaa Nabii","1st Salaatu ʿAlaa Nabii Day","1ª Giornata Salaatu ʿAlaa Nabii","1.ª Jornada Salaatu ʿAlaa Nabii","اليوم الأول للصلاة على النبي"
"histoire.m5_text","Organisation du tout premier grand rassemblement annuel à Touba : récitals du Coran, conférences d'érudits, déclamation des Khassida et dhikr collectif. La Journée devient la pierre angulaire de la vie du Dahira.","Tëralu njëkk daje bu mag bu at mu nekk ci Touba: jàng Alxuraan, ndaje yu boroom xam-xam, jàng Khassida ak dhikr bu mboole. Bis bi nekk na pexem dund Dahira ji.","Organization of the very first major annual gathering in Touba: Quran recitals, scholars' conferences, Khassida declamation and collective dhikr. The Day becomes the cornerstone of the Dahira's life.","Organizzazione del primissimo grande raduno annuale a Touba: recital del Corano, conferenze di studiosi, declamazione delle Khassida e dhikr collettivo. La Giornata diventa la pietra angolare della vita della Dahira.","Organización de la primera gran reunión anual en Tuba: recitales del Corán, conferencias de eruditos, declamación de las Khassida y dhikr colectivo. La Jornada se convierte en la piedra angular de la vida de la Dahira.","تنظيم أول تجمّع سنوي كبير في طوبى: تلاوات قرآنية، ومحاضرات للعلماء، وإنشاد القصائد، وذكر جماعي. يصبح اليوم حجر الزاوية في حياة الداهيرا."
"histoire.m6_date","14 décembre","14 Desàmbar","December 14","14 dicembre","14 de diciembre","14 ديسمبر"
"histoire.m6_title","2ᵉ édition de la Journée Salaatu","2e édition Bisu Salaatu","2nd edition of the Salaatu Day","2ª edizione della Giornata Salaatu","2.ª edición de la Jornada Salaatu","النسخة الثانية ليوم الصلاة"
"histoire.m6_text","La deuxième édition confirme l'ancrage de l'événement : une affluence grandissante et une mobilisation internationale autour de la Prière sur le Prophète ﷺ.","Ñaareelu édition bi dëgëral na tabaxu xew bi: mbooloo mu yokku ak tëgg bu àddunaay ci salaatu ci Yonent bi ﷺ.","The second edition confirms the event's roots: growing attendance and international mobilization around Prayer upon the Prophet ﷺ.","La seconda edizione conferma il radicamento dell'evento: affluenza crescente e mobilitazione internazionale attorno alla Preghiera sul Profeta ﷺ.","La segunda edición confirma el arraigo del evento: una afluencia creciente y una movilización internacional en torno a la Oración sobre el Profeta ﷺ.","تؤكّد النسخة الثانية ترسّخ الحدث: إقبال متزايد وتعبئة دولية حول الصلاة على النبي ﷺ."
"histoire.m7_date","13 décembre","13 Desàmbar","December 13","13 dicembre","13 de diciembre","13 ديسمبر"
"histoire.m7_title","3ᵉ édition de la Journée Salaatu","3e édition Bisu Salaatu","3rd edition of the Salaatu Day","3ª edizione della Giornata Salaatu","3.ª edición de la Jornada Salaatu","النسخة الثالثة ليوم الصلاة"
"histoire.m7_text","La troisième édition rassemble une oumma toujours plus large, unie par la prière collective sur le Prophète Muhammad ﷺ, à Touba et à travers le monde.","Ñetteelu édition bi dajale na benn umma bu gën a yaatu, benoo ci salaatu bu mboole ci Yonent bi Muhammad ﷺ, ci Touba ak ci àdduna bi.","The third edition gathers an ever-larger oumma, united by collective prayer upon the Prophet Muhammad ﷺ, in Touba and around the world.","La terza edizione riunisce una oumma sempre più ampia, unita dalla preghiera collettiva sul Profeta Muhammad ﷺ, a Touba e in tutto il mondo.","La tercera edición reúne a una oumma cada vez más amplia, unida por la oración colectiva sobre el Profeta Muhammad ﷺ, en Tuba y por todo el mundo.","تجمع النسخة الثالثة أمّة أوسع باستمرار، متّحدة بالصلاة الجماعية على النبي محمد ﷺ، في طوبى وعبر العالم."
"histoire.values_overline","Nos valeurs","Sunu jikko","Our values","I nostri valori","Nuestros valores","قيمنا"
"histoire.values_title","Ce qui nous guide","Li nu jiite","What guides us","Ciò che ci guida","Lo que nos guía","ما يوجّهنا"
"histoire.v1_title","Centralité du Prophète ﷺ","Yonent bi ﷺ ci digg bi","Centrality of the Prophet ﷺ","Centralità del Profeta ﷺ","Centralidad del Profeta ﷺ","مركزية النبي ﷺ"
"histoire.v1_text","Toute notre activité gravite autour de la prière sur le Prophète Muhammad ﷺ. C'est notre boussole et notre identité.","Sunu jëf yépp wëndéelu na salaatu ci Yonent bi Muhammad ﷺ. Mooy sunu boussole ak sunu melokaan.","All our activity revolves around prayer upon the Prophet Muhammad ﷺ. It is our compass and our identity.","Tutta la nostra attività ruota attorno alla preghiera sul Profeta Muhammad ﷺ. È la nostra bussola e la nostra identità.","Toda nuestra actividad gira en torno a la oración sobre el Profeta Muhammad ﷺ. Es nuestra brújula y nuestra identidad.","كل نشاطنا يدور حول الصلاة على النبي محمد ﷺ. إنها بوصلتنا وهويتنا."
"histoire.v2_title","Culte collectif","Jaamu bu mboole","Collective worship","Culto collettivo","Culto colectivo","العبادة الجماعية"
"histoire.v2_text","L'Islam place le groupe au cœur de la spiritualité. Le Dahira incarne cette dimension : multiplier l'effort individuel par la baraka du groupe.","Lislaam dafa teg mbooloo ci xolu diiney. Dahira ji feeñal na bii: yokk jëfu nit ku nekk ci barkeb mbooloo.","Islam places the group at the heart of spirituality. The Dahira embodies this dimension: multiplying individual effort through the baraka of the group.","L'Islam pone il gruppo al cuore della spiritualità. La Dahira incarna questa dimensione: moltiplicare lo sforzo individuale attraverso la baraka del gruppo.","El Islam pone al grupo en el corazón de la espiritualidad. La Dahira encarna esta dimensión: multiplicar el esfuerzo individual mediante la baraka del grupo.","يضع الإسلام الجماعة في صميم الروحانية. تجسّد الداهيرا هذا البعد: مضاعفة الجهد الفردي ببركة الجماعة."
"histoire.v3_title","Rayonnement international","Leeral bu àddunaay","International outreach","Diffusione internazionale","Proyección internacional","الإشعاع الدولي"
"histoire.v3_text","Depuis Touba, capitale spirituelle, vers les cinq continents. Une oumma sans frontières unie par le Salaatu.","Dale Touba, péeyu diiney, ba juróomi kontinaŋ yi. Benn umma bu amul dig bu salaatu benoo.","From Touba, spiritual capital, to the five continents. A borderless oumma united by the Salaatu.","Da Touba, capitale spirituale, verso i cinque continenti. Una oumma senza frontiere unita dal Salaatu.","Desde Tuba, capital espiritual, hacia los cinco continentes. Una oumma sin fronteras unida por el Salaatu.","من طوبى، العاصمة الروحية، إلى القارات الخمس. أمّة بلا حدود توحّدها الصلاة على النبي."
"histoire.v4_title","Modernité au service du sacré","Yeesal ci jaamu bu sell","Modernity in service of the sacred","Modernità al servizio del sacro","Modernidad al servicio de lo sagrado","الحداثة في خدمة المقدّس"
"histoire.v4_text","Application mobile, site web, compteurs live — la technologie ne remplace pas la spiritualité, elle la sert et la diffuse.","Applikaasion, site web, kontër yu direct — teknoloji du wuutu diiney, day ko jëfandikoo te tas ko.","Mobile app, website, live counters — technology does not replace spirituality, it serves and spreads it.","App mobile, sito web, contatori in diretta — la tecnologia non sostituisce la spiritualità, la serve e la diffonde.","App móvil, sitio web, contadores en directo — la tecnología no reemplaza la espiritualidad, la sirve y la difunde.","تطبيق محمول، موقع إلكتروني، عدّادات مباشرة — التكنولوجيا لا تحلّ محلّ الروحانية، بل تخدمها وتنشرها."
"histoire.quote_text","« Celui qui prie sur moi une fois, Allah prie sur lui dix fois. »","« Ku ma salaat benn yoon, Yàlla salaat na ci moom fukk. »","« Whoever prays upon me once, Allah prays upon him ten times. »","« Chi prega su di me una volta, Allah prega su di lui dieci volte. »","« Quien reza sobre mí una vez, Allah reza sobre él diez veces. »","«من صلّى عليّ مرة، صلّى الله عليه بها عشراً.»"
"histoire.quote_attr","— Le Prophète Muhammad ﷺ (rapporté par Muslim)","— Yonent bi Muhammad ﷺ (Muslim a ko wax)","— The Prophet Muhammad ﷺ (reported by Muslim)","— Il Profeta Muhammad ﷺ (riportato da Muslim)","— El Profeta Muhammad ﷺ (relatado por Muslim)","— النبي محمد ﷺ (رواه مسلم)"
"histoire.quote_closing","Voilà la promesse divine qui anime chaque jour le Dahira KSN depuis 2021. Multiplier ces moments, les coordonner à l'échelle de la oumma, les rendre accessibles à tous — voilà notre mission hier, aujourd'hui et demain.","Mooy digeb Yàlla bi di yëngal Dahira KSN bés bu nekk dale 2021. Yokk jamono yooyu, tëral leen ci umma bi, def leen ñu jot ci ñépp — mooy sunu mission démb, tey ak ëllëg.","This is the divine promise that drives the KSN Dahira every day since 2021. To multiply these moments, coordinate them at the scale of the oumma, make them accessible to all — this is our mission yesterday, today and tomorrow.","Ecco la promessa divina che anima ogni giorno la Dahira KSN dal 2021. Moltiplicare questi momenti, coordinarli su scala della oumma, renderli accessibili a tutti — ecco la nostra missione ieri, oggi e domani.","Esta es la promesa divina que anima cada día a la Dahira KSN desde 2021. Multiplicar estos momentos, coordinarlos a escala de la oumma, hacerlos accesibles a todos — esa es nuestra misión ayer, hoy y mañana.","هذا هو الوعد الإلهي الذي يحرّك داهيرا KSN كل يوم منذ 2021. مضاعفة هذه اللحظات وتنسيقها على مستوى الأمة وجعلها في متناول الجميع — تلك هي رسالتنا بالأمس واليوم وغداً."
"histoire.cta_title","Écrire la suite avec nous","Bind li ci kanam ak nun","Write the next chapter with us","Scrivere il seguito con noi","Escribir lo que sigue con nosotros","اكتب التكملة معنا"
"histoire.cta_desc","L'histoire du Dahira KSN s'écrit chaque jour, avec chaque nouveau membre, chaque nouveau Salaatu. Rejoignez le mouvement.","Taariixu Dahira KSN day bind bés bu nekk, ak mbokk mu bees mu nekk, salaatu bu bees bu nekk. Bokkal ci yëngu-yëngu bi.","The story of the KSN Dahira is written every day, with each new member, each new Salaatu. Join the movement.","La storia della Dahira KSN si scrive ogni giorno, con ogni nuovo membro, ogni nuovo Salaatu. Unisciti al movimento.","La historia de la Dahira KSN se escribe cada día, con cada nuevo miembro, cada nuevo Salaatu. Únete al movimiento.","تُكتب قصة داهيرا KSN كل يوم، مع كل عضو جديد، وكل صلاة جديدة. انضم إلى الحركة."
"histoire.cta_member","Devenir membre","Nekk mbokk","Become a member","Diventa membro","Hazte miembro","كن عضواً"
"histoire.cta_contact","Nous contacter","Jokkoo ak nun","Contact us","Contattaci","Contáctanos","اتصل بنا"
"histoire.share_title","L'histoire du Dahira KSN depuis 2021","Taariixu Dahira KSN dale 2021","The story of the KSN Dahira since 2021","La storia della Dahira KSN dal 2021","La historia de la Dahira KSN desde 2021","قصة داهيرا KSN منذ 2021"
"histoire.share_text","Comment un cercle de fidèles à Touba est devenu un Dahira international au service de la Prière sur le Prophète ﷺ.","Naka la benn mbooloo mu ngëm ci Touba nekk benn Dahira bu àddunaay ci jëfu salaatu ci Yonent bi ﷺ.","How a circle of believers in Touba became an international Dahira serving Prayer upon the Prophet ﷺ.","Come un circolo di fedeli a Touba è diventato una Dahira internazionale al servizio della Preghiera sul Profeta ﷺ.","Cómo un círculo de fieles en Tuba se convirtió en una Dahira internacional al servicio de la Oración sobre el Profeta ﷺ.","كيف أصبحت حلقة من المؤمنين في طوبى داهيرا دولية في خدمة الصلاة على النبي ﷺ."
"histoire.share_label","Partager notre histoire","Séddale sunu taariix","Share our story","Condividi la nostra storia","Compartir nuestra historia","شارك قصتنا"
"compteur.badge","Challenge 1 Milliard","","1 Billion Challenge","Sfida 1 Miliardo","Reto 1 Mil Millones","تحدي المليار"
"compteur.title","Salaatu offerts par la communauté KSN","","Salaatu offered by the KSN community","Salaatu offerti dalla comunità KSN","Salaatu ofrecidos por la comunidad KSN","صلوات مهداة من مجتمع KSN"
"compteur.target","sur {target} — Challenge du milliard","","out of {target} — Billion Challenge","su {target} — Sfida del miliardo","de {target} — Reto del mil millones","من {target} — تحدي المليار"
"compteur.cta","Voir le Challenge complet","","View full Challenge","Vedi la Sfida completa","Ver el Reto completo","عرض التحدي كاملاً"
"compteur.perso_title","Mon Compteur du Jour","","My Daily Counter","Il Mio Contatore del Giorno","Mi Contador del Día","عدادي اليومي"
"compteur.perso_desc","Salaatu compté(s) aujourd'hui","","Salaatu counted today","Salaatu contati oggi","Salaatu contados hoy","الصلوات التي تم عدها اليوم"
"compteur.perso_btn","+ 1 Salaatu","","+ 1 Salaatu","+ 1 Salaatu","+ 1 Salaatu","+ ١ صلاة"
"compteur.reset","Réinitialiser","","Reset","Reimposta","Restablecer","إعادة تعيين"
"compteur.reset_confirm","Réinitialiser votre compteur du jour ?","","Reset your daily counter?","Reimpostare il contatore del giorno?","¿Restablecer el contador del día?","إعادة تعيين عداد اليوم؟"
"compteur.hadith","« Allah prie 10 fois sur celui qui prie une fois sur le Prophète ﷺ »","","“Allah sends blessings 10 times upon the one who blesses the Prophet ﷺ once”","«Allah prega 10 volte su chi prega una volta sul Profeta ﷺ»","«Allah ruega 10 veces por quien ruega una vez por el Profeta ﷺ»","«من صلى علي صلاة صلى الله عليه بها عشراً»"
"countdown.title","Compte à rebours","","Countdown","Conto alla rovescia","Cuenta atrás","العد التنازلي"
"countdown.days","Jours","","Days","Giorni","Días","أيام"
"countdown.hours","Heures","","Hours","Ore","Horas","ساعات"
"countdown.minutes","Minutes","","Minutes","Minuti","Minutos","دقائق"
"countdown.seconds","Secondes","","Seconds","Secondi","Segundos","ثواني"
"countdown.passed","L'événement a eu lieu — à très bientôt pour la prochaine édition.","","The event has taken place — see you soon for the next edition.","L'evento ha avuto luogo — a presto per la prossima edizione.","El evento ha tenido lugar — nos vemos pronto para la próxima edición.","لقد أقيمت الفعالية — نراكم قريباً في الدورة القادمة."
"journee.badge","Événement annuel","","Annual event","Evento annuale","Evento anual","حدث سنوي"
"journee.title","Journée Salaatu ʿAlaa Nabii","","Salaatu ʿAlaa Nabii Day","Giornata Salaatu ʿAlaa Nabii","Jornada Salaatu ʿAlaa Nabii","يوم الصلاة على النبي ﷺ"
"journee.desc","La oumma KSN se réunit à Touba pour une journée entière de prières, chants et dhikr collectif autour du Prophète Muhammad ﷺ.","","The KSN Ummah gathers in Touba for a whole day of prayers, chants and collective dhikr around the Prophet Muhammad ﷺ.","La Ummah KSN si riunisce a Touba per un'intera giornata di preghiere, canti e dhikr collettivo attorno al Profeta Muhammad ﷺ.","La Ummah KSN se reúne en Touba para un día entero de oraciones, cantos y dhikr colectivo en torno al Profeta Muhammad ﷺ.","يجتمع مجتمع KSN في طوبى ليوم كامل من الصلوات والإنشاد والذكر الجماعي حول النبي محمد ﷺ."
"journee.cta","Découvrir la journée","","Discover the day","Scopri la giornata","Descubrir la jornada","اكتشف اليوم"
"journee.before","Avant le grand rassemblement","","Before the grand gathering","Prima del grande raduno","Antes del gran encuentro","قبل التجمع الكبير"
"appksn.badge","Application Mobile KSN","","KSN Mobile App","Applicazione Mobile KSN","Aplicación Móvil KSN","تطبيق KSN للهاتف"
"appksn.title","Emportez KSN Partout Avec Vous 📱","","Take KSN Everywhere With You 📱","Porta KSN Sempre Con Te 📱","Lleva KSN Contigo a Todas Partes 📱","احمل تطبيق KSN معك أينما كنت 📱"
"appksn.desc","Accédez au comptage des Salaatou, aux activités du Dahira, aux contenus spirituels et à toute la communauté KSN directement depuis votre téléphone.","","Access Salaatou counting, Dahira activities, spiritual content and the entire KSN community directly from your phone.","Accedi al conteggio dei Salaatou, alle attività del Dahira, ai contenuti spirituali e a tutta la comunità KSN direttamente dal tuo telefono.","Accede al recuento de Salaatou, actividades de la Dahira, contenido espiritual y a toda la comunidad KSN directamente desde tu teléfono.","يمكنك الوصول إلى عداد الصلوات، وأنشطة الدائرة، والمحتويات الروحانية، وكامل مجتمع KSN مباشرة من هاتفك."
"appksn.f1","Salaatou & suivi quotidien","","Salaatou & daily tracking","Salaatou & tracciamento quotidiano","Salaatou y seguimiento diario","الصلوات والمتابعة اليومية"
"appksn.f2","Communauté KSN","","KSN Community","Comunità KSN","Comunidad KSN","مجتمع KSN"
"appksn.f3","Contenus spirituels & rappels","","Spiritual content & reminders","Contenuti spirituali & promemoria","Contenido espiritual y recordatorios","المحتوى الروحاني والتذكيرات"
"appksn.f4","Suivi des activités du Dahira","","Follow Dahira activities","Segui le attività della Dahira","Seguir las actividades de la Dahira","متابعة أنشطة الدائرة"
"appksn.download_apple","Télécharger sur","","Download on the","Scarica su","Descargar en","حمل من"
"appksn.download_google","Disponible sur","","Get it on","Disponibile su","Disponible en","متوفر على"
"media.title","Activités du Dahira & Vie Communautaire","","Dahira Activities & Community Life","Attività della Dahira & Vita Comunitaria","Actividades de la Dahira y Vida Comunitaria","أنشطة الدائرة والحياة المجتمعية"
"media.desc","Découvrez les activités spirituelles, événements, conférences, rassemblements, vidéos, galeries photos et moments forts de Kippangog Salaatu 'Alaa Nabii.","","Discover the spiritual activities, events, conferences, gatherings, videos, photo galleries and highlights of Kippangog Salaatu 'Alaa Nabii.","Scopri le attività spirituali, gli eventi, le conferenze, i raduni, i video, le gallerie fotografiche e i momenti salienti di Kippangog Salaatu 'Alaa Nabii.","Descubre las actividades espirituales, eventos, conferencias, reuniones, videos, galerías de fotos y momentos destacados de Kippangog Salaatu 'Alaa Nabii.","اكتشف الأنشطة الروحانية والفعاليات والمحاضرات واللقاءات والفيديوهات ومعارض الصور وأبرز لحظات كيبانغوغ صلاة على النبي."
"media.photos_title","Galerie Photos","","Photo Gallery","Galleria Fotografica","Galería de Fotos","معرض الصور"
"media.photos_desc","Photos officielles des événements, rencontres spirituelles, conférences, Gamou et activités du Dahira.","","Official photos of events, spiritual gatherings, conferences, Gamou and Dahira activities.","Foto ufficiali di eventi, raduni spirituali, conferenze, Gamou e attività della Dahira.","Fotos oficiales de eventos, reuniones espirituales, conrencias, Gamou y actividades de la Dahira.","الصور الرسمية للفعاليات، واللقاءات الروحية، والمحاضرات، والغامو، وأنشطة الدائرة."
"media.photos_cta","Explorer","","Explore","Esplora","Explorar","استكشف"
"media.videos_title","Vidéos & Conférences","","Videos & Conferences","Video & Conferenze","Videos y Conferencias","الفيديوهات والمحاضرات"
"media.videos_desc","Visionnez conférences, zikr, Salaatou, rappels, lives et enseignements spirituels.","","Watch conferences, zikr, Salaatou, reminders, live streams and spiritual teachings.","Guarda conferenze, zikr, Salaatou, promemoria, dirette e insegnamenti spirituali.","Mira conferencias, zikr, Salaatou, recordatorios, transmisiones en vivo y enseñanzas espirituales.","شاهد المحاضرات والذكر والصلوات والتذكيرات والبث المباشر والدروس الروحانية."
"media.videos_cta","Regarder","","Watch","Guarda","Ver","شاهد"
"media.events_title","Événements KSN","","KSN Events","Eventi KSN","Eventos KSN","فعاليات KSN"
"media.events_desc","Gamou, journées Salaatu, rencontres spirituelles, programmes religieux et événements officiels.","","Gamou, Salaatu days, spiritual meetings, religious programs and official events.","Gamou, giornate Salaatu, incontri spirituali, programmi religiosi ed eventi ufficiali.","Gamou, jornadas Salaatu, encuentros espirituales, programas religiosos y eventos oficiales.","الغامو، وأيام الصلوات، واللقاءات الروحية، والبرامج الدينية، والفعاليات الرسمية."
"media.events_cta","Voir Agenda","","See Schedule","Vedi Agenda","Ver Agenda","شاهد الأجندة"
"temoignages.badge","Ils témoignent","","Their testimonies","Le loro testimonianze","Ellos testifican","شهاداتهم"
"temoignages.title","Une oumma, des voix","","One Ummah, many voices","Una Ummah, molte voci","Una Ummah, muchas voces","أمة واحدة، وأصوات متعددة"
"temoignages.desc","Des membres KSN à travers les cinq continents racontent leur expérience de la communauté, du Challenge 1 Milliard et de la spiritualité partagée.","","KSN members from across five continents share their experience of the community, the 1 Billion Challenge and shared spirituality.","I membri di KSN in cinque continenti condividono la loro esperienza della comunità, della Sfida di 1 Miliardo e della spiritualità condivisa.","Miembros de KSN en cinco continentes comparten su experiencia de la comunidad, el Reto de 1 Mil Millones y la espiritualidad compartida.","يروي أعضاء KSN من القارات الخمس تجاربهم مع المجتمع، وتحدي المليار صلاة، والروحانية المشتركة."
"temoignages.placeholder_note","Témoignages représentatifs de l'esprit du Dahira KSN. Les vrais membres peuvent partager leur expérience via WhatsApp pour apparaître dans cette section.","","Representative testimonies of the KSN Dahira spirit. Real members can share their experience via WhatsApp to appear in this section.","Testimonianze rappresentative dello spirito della Dahira KSN. I membri effettivi possono condividere la loro esperienza tramite WhatsApp per apparire in questa sezione.","Testimonios representativos del espíritu de la Dahira KSN. Los miembros reales pueden compartir su experiencia a través de WhatsApp para aparecer en esta sección.","شهادات تمثيلية لروح داهيرا KSN. يمكن للأعضاء الحقيقيين مشاركة تجاربهم عبر واتساب للظهور في هذا القسم."
"temoignages.prev","Témoignage précédent","","Previous testimony","Testimonianza precedente","Testimonio anterior","الشهادة السابقة"
"temoignages.next","Témoignage suivant","","Next testimony","Testimonianza successiva","Testimonio siguiente","الشهادة التالية"
"contact.badge","Contact Officiel","","Official Contact","Contatto Ufficiale","Contacto Oficial","الاتصال الرسمي"
"contact.title","Entrer en Contact Avec la KSN","","Get in touch with KSN","Contatta la KSN","Ponte en contacto con la KSN","تواصل مع KSN"
"contact.desc","Une question, une adhésion, une collaboration ou une demande d'information ? Notre équipe est disponible pour vous accompagner.","","A question, membership request, collaboration or info? Our team is available to assist you.","Una domanda, una richiesta di adesione, una collaborazione o informazioni? Il nostro team è a disposizione.","¿Una pregunta, solicitud de adhesión, colaboración o información? Nuestro equipo está a su disposición.","هل لديك سؤال، أو طلب انخراط، أو تعاون، أو طلب معلومات؟ فريقنا رهن إشارتكم لمرافقتكم."
"contact.hq","📍 Siège du Dahira","","📍 Dahira Headquarters","📍 Sede della Dahira","📍 Sede de la Dahira","📍 مقر الدائرة"
"contact.web","🌐 Site Officiel","","🌐 Official Website","🌐 Sito Ufficiale","🌐 Sitio Web Oficial","🌐 الموقع الرسمي"
"contact.wa","💬 WhatsApp Officiel","","💬 Official WhatsApp","💬 WhatsApp Ufficiale","💬 WhatsApp Oficial","💬 الواتساب الرسمي"
"contact.wa_btn","Contacter KSN","","Contact KSN","Contatta KSN","Contactar KSN","اتصل بـ KSN"
"contact.form_title","Envoyer un message","","Send a message","Invia un messaggio","Enviar un mensaje","أرسل رسالة"
"contact.form_desc","Votre message s'ouvrira directement sur notre WhatsApp officiel.","","Your message will open directly on our official WhatsApp.","Il tuo messaggio si aprirà direttamente sul nostro WhatsApp ufficiale.","Su mensaje se abrirá directamente en nuestro WhatsApp oficial.","ستفتح رسالتك مباشرة على حسابنا الرسمي في واتساب."
"contact.placeholder_name","Nom complet","","Full name","Nome completo","Nombre completo","الاسم الكامل"
"contact.placeholder_email","Adresse email","","Email address","Indirizzo email","Dirección de correo electrónico","البريد الإلكتروني"
"contact.placeholder_phone","Téléphone (optionnel)","","Phone (optional)","Telefono (opzionale)","Teléfono (opcional)","الهاتف (اختياري)"
"contact.placeholder_message","Votre message...","","Your message...","Il tuo messaggio...","Su message...","رسالتك..."
"contact.send_btn","Envoyer via WhatsApp","","Send via WhatsApp","Invia via WhatsApp","Enviar por WhatsApp","أرسل عبر واتساب"
"spiritualite.page_overline","Spiritualité KSN","","KSN Spirituality","Spiritualità KSN","Espiritualidad KSN","روحانية KSN"
"spiritualite.page_title","Nourrir le Cœur par le Salaatu ﷺ","","Nourish the Heart with Salaatu ﷺ","Nutrire il Cuore con il Salaatu ﷺ","Nutrir el Corazón con el Salaatu ﷺ","غذاء القلب بالصلاة على النبي ﷺ"
"spiritualite.page_desc","Salaatou du jour, bibliothèque sacrée des Salaats, Khassidas, invocations et enseignements pour vivre pleinement votre lien avec le Prophète Muhammad ﷺ.","","Daily Salaatou, sacred library of Salaats, Khassidas, invocations and teachings to fully experience your connection with the Prophet Muhammad ﷺ.","Salaatou quotidiano, biblioteca sacra dei Salaats, Khassidas, invocazioni e insegnamenti per vivere pienamente il tuo legame con il Profeta Muhammad ﷺ.","Salaatou diario, biblioteca sagrada de Salaats, Khassidas, invocaciones y enseñanzas para vivir plenamente su vínculo con el Profeta Muhammad ﷺ.","صلاة اليوم، والمكتبة المقدسة للصلوات، والقصائد، والأذكار، والدروس لتعيش صلتك بالنبي محمد ﷺ بكل جوارحك."
"spiritualite.title","Nourrir le Cœur par le Salaatu ﷺ","","Nourish the Heart with Salaatu ﷺ","Nutrire il Cuore con il Salaatu ﷺ","Nutrir el Corazón con el Salaatu ﷺ","غذاء القلب بالصلاة على النبي ﷺ"
"spiritualite.desc","Découvrez les Salaatou, Khassidas, invocations, enseignements et ressources spirituelles du Dahira Kippangog Salaatu 'Alaa Nabii.","","Discover Salaatou, Khassidas, invocations, teachings and spiritual resources of the Dahira Kippangog Salaatu 'Alaa Nabii.","Scopri Salaatou, Khassidas, invocazioni, insegnamenti e risorse spirituali della Dahira Kippangog Salaatu 'Alaa Nabii.","Descubre Salaatou, Khassidas, invocaciones, enseñanzas y recursos espirituales de la Dahira Kippangog Salaatu 'Alaa Nabii.","اكتشف الصلوات والقصائد والأذكار والدروس والموارد الروحية لداهيرا كيبانغوغ صلاة على النبي."
"spiritualite.card1_title","Salaatou du Jour","","Daily Salaatou","Salaatou del Giorno","Salaatou del Día","صلاة اليوم"
"spiritualite.card1_desc","Texte arabe, translittération, traduction et bienfaits du Salaatu recommandé du jour.","","Arabic text, transliteration, translation and benefits of the recommended daily Salaatu.","Testo arabo, traslitterazione, traduzione e benefici del Salaatu consigliato del giorno.","Texto árabe, transliteración, traducción y beneficios del Salaatu recomendado del día.","النص العربي، اللفظ اللاتيني، الترجمة وفوائد الصلاة الموصى بها اليوم."
"spiritualite.card2_title","Khassidas","","Khassidas","Khassidas","Khassidas","القصائد"
"spiritualite.card2_desc","Accédez à une bibliothèque de Khassidas, textes religieux et contenus spirituels.","","Access a library of Khassidas, religious texts and spiritual content.","Accedi a una biblioteca di Khassidas, testi religiosi e contenuti spirituali.","Accede a una biblioteca de Khassidas, textos religiosos y contenidos espirituales.","الوصول إلى مكتبة القصائد والنصوص الدينية والمحتويات الروحانية."
"spiritualite.card3_title","Azkâr & Invocations","","Azkâr & Invocations","Azkâr & Invocazioni","Azkâr e Invocaciones","الأذكار والأدعية"
"spiritualite.card3_desc","Invocations quotidiennes, zikr, douas et pratiques spirituelles recommandées.","","Daily invocations, zikr, douas and recommended spiritual practices.","Invocazioni quotidiane, zikr, douas e pratiche spirituali consigliate.","Invocaciones diarias, zikr, douas y prácticas espirituales recomendadas.","الأدعية اليومية، والأذكار، والصلوات والممارسات الروحية الموصى بها."
"spiritualite.card4_title","Audios Spirituels","","Spiritual Audios","Audio Spirituali","Audios Espirituales","الصوتيات الروحية"
"spiritualite.card4_desc","Écoutez les récitations, conférences, Salaatou et rappels audio.","","Listen to audio recitations, conferences, Salaatou and reminders.","Ascolta recitazioni audio, conferenze, Salaatou e promemoria.","Escuche recitaciones de audio, conferencias, Salaatou y recordatorios.","استمع إلى التلاوات الصوتية، والمحاضرات، والصلوات، والتذكيرات."
"spiritualite.card5_title","Vidéos & Enseignements","","Videos & Teachings","Video & Insegnamenti","Videos y Enseñanzas","الفيديوهات والدروس"
"spiritualite.card5_desc","Conférences, enseignements, rappels spirituels et vidéos officielles du Dahira.","","Conferences, teachings, spiritual reminders and official Dahira videos.","Conferenze, insegnamenti, promemoria spirituali e video ufficiali della Dahira.","Conferencias, enseñanzas, recordatorios espirituales y videos oficiales de la Dahira.","المحاضرات، والدروس، والتذكيرات الروحية، والفيديوهات الرسمية للدائرة."
"spiritualite.explore_title","Explorer la Spiritualité","","Explore Spirituality","Esplora la Spiritualità","Explorar la Espiritualidad","استكشاف الروحانية"
"spiritualite.explore_desc","Découvrez l'univers spirituel complet de KSN et renforcez votre lien avec le Prophète ﷺ.","","Discover the complete spiritual world of KSN and strengthen your bond with the Prophet ﷺ.","Scopri l'universo spirituale completo di KSN e rafforza il tuo legame con il Profeta ﷺ.","Descubra el universo espiritual completo de KSN y refuerce su vínculo con el Profeta ﷺ.","اكتشف العالم الروحاني الكامل لـ KSN وعزز صلتك بالنبي ﷺ."
"spiritualite.explore_btn","Explorer","","Explore","Esplora","Explorar","استكشف"
"library.unlocked_badge","Accès premium débloqué","","Premium access unlocked","Accesso premium sbloccato","Acceso premium desbloqueado","تم فتح الوصول المميز"
"library.official_member","Membre KSN","","KSN Member","Membro KSN","Miembro KSN","عضو KSN"
"library.locked_badge","Aperçu · {freeCount} Salaats sur {totalCount} accessibles","","Preview · {freeCount} of {totalCount} Salaats accessible","Anteprima · {freeCount} su {totalCount} Salaats accessibili","Vista previa · {freeCount} de {totalCount} Salaats accesibles","معاينة · {freeCount} صلوات متاحة من أصل {totalCount}"
"library.sacred_overline","Bibliothèque Sacrée","","Sacred Library","Biblioteca Sacra","Biblioteca Sagrada","المكتبة المقدسة"
"library.title","Bibliothèque des Salaats","","Library of Salaats","Biblioteca dei Salaats","Biblioteca de los Salaats","مكتبة الصلوات"
"library.desc","Salaats avec arabe, translittération, traduction, bienfaits et secrets d'utilisation. Le Salaatu du jour reste en accès libre — la bibliothèque complète s'ouvre à vie avec un paiement unique de 1 000 FCFA.","","Salaats with Arabic, transliteration, translation, benefits and usage secrets. The Salaatu of the day remains free to access — the full library opens for life with a one-time payment of 1,000 FCFA.","Salaats con arabo, traslitterazione, traduzione, benefici e segreti d'uso. Il Salaatu del giorno rimane ad accesso libero — la biblioteca completa si sblocca a vita con un pagamento unico di 1.000 FCFA.","Salaats con árabe, transliteración, traducción, beneficios y secretos de uso. El Salaatu del día sigue siendo de libre acceso; la biblioteca completa se abre de por vida con un pago único de 1.000 FCFA.","صلوات مع النص العربي، اللفظ اللاتيني، الترجمة، الفوائد وأسرار الاستخدام. تظل صلاة اليوم متاحة مجاناً — تفتح المكتبة الكاملة مدى الحياة بدفع مبلغ 1000 فرنك غرب أفريقي لمرة واحدة."
"library.connected_as","Connecté en tant que","","Connected as","Connesso come","Conectado como","متصل باسم"
"library.daily_title","Salaatu du jour — ","","Salaatu of the day — ","Salaatu del giorno — ","Salaatu del día — ","صلاة اليوم — "
"library.free_access","Accès libre","","Free access","Accesso libero","Acceso libre","وصول حر"
"library.search_placeholder","Rechercher...","","Search...","Cerca...","Buscar...","بحث..."
"library.no_results","Aucun Salaat ne correspond à ces critères.","","No Salaat matches these criteria.","Nessun Salaat corrisponde a questi criteri.","Ningún Salaat coincide con estos criterios.","لا توجد صلوات تطابق هذه المعايير."
"library.unlock_title","Ouvrir la bibliothèque sacrée","","Unlock the sacred library","Apri la biblioteca sacra","Abrir la biblioteca sagrada","فتح المكتبة المقدسة"
"library.unlock_desc","Salaats supplémentaires avec leurs translittérations, traductions et secrets — accès permanent à vie pour 1 000 FCFA.","","Additional Salaats with their transliterations, translations and secrets — permanent lifetime access for 1,000 FCFA.","Salaats aggiuntivi con le loro traslitterazioni, traduzioni e segreti — accesso permanente a vita per 1.000 FCFA.","Salaats adicionales con sus transliteraciones, traducciones y secretos; acceso permanente de por vida por 1.000 FCFA.","صلوات إضافية مع لفظها اللاتيني، وترجمتها وأسرارها — وصول دائم مدى الحياة مقابل 1000 فرنك غرب أفريقي."
"library.unlock_btn","Débloquer pour 1 000 FCFA →","","Unlock for 1,000 FCFA →","Sblocca per 1.000 FCFA →","Desbloquear por 1.000 FCFA →","فتح مقابل 1000 فرنك غرب أفريقي ←"
"library.unlock_note","Paiement unique via Wave · validation sous 24h ouvrées","","One-time payment via Wave · validation within 24 business hours","Pagamento unico tramite Wave · validazione entro 24 ore lavorative","Pago único a través de Wave · validación dentro de las 24 horas hábiles","دفع لمرة واحدة عبر Wave · التفعيل خلال 24 ساعة عمل"
"library.reserved","Réservé Membres","","Members Only","Solo Membri","Solo Miembros","خاص بالأعضاء"
"library.pronunciation","Prononciation","","Pronunciation","Pronuncia","Pronunciación","اللفظ"
"library.translation","Traduction","","Translation","Traduzione","Traducción","الترجمة"
"library.benefits","Bienfaits","","Benefits","Benefici","Beneficios","الفوائد"
"library.usage","Secrets & Pratique","","Secrets & Practice","Segreti & Pratica","Secretos y Práctica","أسرار وممارسة"
"modal.title","Salaat verrouillé","","Locked Salaat","Salaat bloccato","Salaat bloqueado","صلاة مغلقة"
"modal.desc","Ce contenu sacré fait partie du premium. Débloquez l'intégralité de la bibliothèque (texte arabe, translittération, traduction, bienfaits et secrets) pour un paiement unique de 1 000 FCFA via Wave.","","This sacred content is part of the premium library. Unlock the entire library (Arabic text, transliteration, translation, benefits and secrets) for a one-time payment of 1,000 FCFA via Wave.","Questo contenuto sacro fa parte della biblioteca premium. Sblocca l'intera biblioteca (testo arabo, traslitterazione, traduzione, benefici e segreti) con un pagamento unico di 1.000 FCFA via Wave.","Este contenido sagrado forma parte de la biblioteca premium. Desbloquea toda la biblioteca (texto árabe, transliteración, traducción, beneficios y secretos) con un pago único de 1.000 FCFA a través de Wave.","هذا المحتوى المقدس جزء من المكتبة المميزة. افتح المكتبة بأكملها (النص العربي، اللفظ، الترجمة، الفوائد والأسرار) بدفع مبلغ 1000 فرنك غرب أفريقي لمرة واحدة عبر Wave."
"modal.note","Accès à vie sur tous vos appareils.","","Lifetime access on all your devices.","Accesso a vita su tutti i tuoi dispositivi.","Acceso de por vida en todos tus dispositivos.","وصول مدى الحياة على جميع أجهزتك."
"modal.unlock","Débloquer maintenant →","","Unlock now →","Sblocca ora →","Desbloquear ahora →","افتح الآن ←"
"modal.register","Créer un compte pour débloquer →","","Create an account to unlock →","Crea un account per sbloccare →","Crear una cuenta para desbloquear →","أنشئ حساباً لفتح الوصول ←"
"modal.later","Plus tard","","Later","Più tardi","Más tarde","لاحقاً"
"shield.title","Contenu protégé","","Protected Content","Contenuto protetto","Contenido protegido","محتوى محمي"
"challenge.overline","Défi spirituel mondial","","Global spiritual challenge","Sfida spirituale globale","Desafío espiritual global","تحد روحاني عالمي"
"challenge.title","Challenge 1 Milliard","","1 Billion Challenge","Sfida 1 Miliardo","Reto 1 Mil Millones","تحدي المليار صلاة"
"challenge.desc","Ensemble, offrons au Prophète Muhammad ﷺ un milliard de prières (Salaatu). Chaque membre KSN, chaque récitation, chaque souffle compte.","","Together, let's offer one billion prayers (Salaatu) to the Prophet Muhammad ﷺ. Every KSN member, every recitation, every breath counts.","Insieme, offriamo un miliardo di preghiere (Salaatu) al Profeta Muhammad ﷺ. Ogni membro KSN, ogni recitazione, ogni respiro conta.","Juntos, ofrezcamos mil millones de oraciones (Salaatu) al Profeta Muhammad ﷺ. Cada miembro de KSN, cada recitación, cada aliento cuenta.","معاً، لنهدي نبينا محمد ﷺ مليار صلاة. كل عضو في KSN، كل تلاوة، كل نفس يهم."
"challenge.community_total","Total cumulé par la communauté KSN","","Total accumulated by the KSN community","Totale accumulato dalla comunità KSN","Total acumulado por la comunidad KSN","الإجمالي التراكمي لمجتمع KSN"
"challenge.live","EN DIRECT — synchronisé avec l'application KSN","","LIVE — synchronized with the KSN app","IN DIRETTA — sincronizzato con l'app KSN","EN VIVO — sincronizado con la app KSN","مباشر — متزامن مع تطبيق KSN"
"challenge.estimated","Estimation basée sur le rythme de l'application (~7M/semaine)","","Estimation based on app rate (~7M/week)","Stima basata sul ritmo dell'app (~7M/settimana)","Estimación basada en el ritmo de la app (~7M/semana)","تقدير مبني على وتيرة التطبيق (~٧ مليون/أسبوع)"
"challenge.thisWeek","Cette semaine","","This week","Questa settimana","Esta semana","هذا الأسبوع"
"challenge.lastWeek","Semaine passée","","Last week","Settimana scorsa","Semana pasada","الأسبوع الماضي"
"challenge.today","Aujourd'hui","","Today","Oggi","Hoy","اليوم"
"challenge.thisMonth","Ce mois-ci","","This month","Questo mese","Este mes","هذا الشهر"
"challenge.lastMonth","Le mois passé","","Last month","Mese scorso","Mes pasado","الشهر الماضي"
"challenge.offered","Salaatu offerts au Prophète ﷺ","","Salaatu offered to the Prophet ﷺ","Salaatu offerti al Profeta ﷺ","Salaatu ofrecidos al Profeta ﷺ","صلوات مهداة إلى النبي ﷺ"
"challenge.how_title","Comment participer","","How to participate","Come partecipare","Cómo participar","كيفية المشاركة"
"challenge.how_subtitle","3 étapes pour contribuer","","3 steps to contribute","3 passaggi per contribuire","3 pasos para contribuir","٣ خطوات للمساهمة"
"challenge.how_desc","L'application KSN est l'outil officiel du Dahira pour compter et synchroniser les Salaatu de la communauté avec le compteur mondial.","","The KSN app is the official Dahira tool to count and synchronize the community's Salaatu with the global counter.","L'app KSN è lo strumento ufficiale della Dahira per contare e sincronizzare i Salaatu della comunità con il contatore globale.","La app KSN es la herramienta oficial de la Dahira para contar y sincronizar los Salaatu de la comunidad con el contador global.","تطبيق KSN هو الأداة الرسمية للدائرة لعد ومزامنة صلوات المجتمع مع العداد العالمي."
"challenge.step1_title","Téléchargez l'app KSN","","Download the KSN app","Scarica l'app KSN","Descarga la app KSN","حمل تطبيق KSN"
"challenge.step1_desc","Disponible gratuitement sur iPhone et Android. Saisissez vos Salaatu quotidiens en un tap.","","Available for free on iPhone and Android. Enter your daily Salaatu in one tap.","Disponibile gratuitamente su iPhone e Android. Inserisci i tuoi Salaatu quotidiani in un tocco.","Disponible gratis en iPhone y Android. Ingrese sus Salaatu diarios con un toque.","متوفر مجاناً على آيفون وأندرويد. أدخل صلواتك اليومية بضغطة واحدة."
"challenge.step2_title","Comptez vos Salaatu","","Count your Salaatu","Conta i tuoi Salaatu","Cuente sus Salaatu","عد صلواتك"
"challenge.step2_desc","Récitez la prière sur le Prophète ﷺ et incrémentez votre compteur personnel — chaque récitation compte pour le total mondial.","","Recite the prayer upon the Prophet ﷺ and increment your personal counter — every recitation counts for the global total.","Recita la preghiera sul Profeta ﷺ e incrementa il tuo contatore personale — ogni recitazione conta per il totale globale.","Recite la oración sobre el Profeta ﷺ e incremente su contador personal — cada recitación cuenta para el total global.","اتل الصلاة على النبي ﷺ وقم بزيادة عدادك الشخصي — كل تلاوة تحتسب في الإجمالي العالمي."
"challenge.step3_title","Invitez la oumma","","Invite the Ummah","Invita la Ummah","Invite a la Ummah","ادع الأمة"
"challenge.step3_desc","Partagez le challenge sur WhatsApp, Telegram, Facebook. Plus on est nombreux, plus vite on atteint le milliard.","","Share the challenge on WhatsApp, Telegram, Facebook. The more we are, the faster we reach the billion.","Condividi la sfida su WhatsApp, Telegram, Facebook. Più siamo, più velocemente raggiungiamo il miliardo.","Comparte el desafío en WhatsApp, Telegram, Facebook. Cuantos más seamos, más rápido alcanzaremos el mil millones.","شارك التحدي على واتساب، تيليجرام، فيسبوك. كلما زاد عددنا، وصلنا إلى المليار بشكل أسرع."
"challenge.group_badge","La force du groupe","","The strength of the group","La forza del gruppo","La fuerza del grupo","قوة الجماعة"
"challenge.group_title","Pourquoi prier ensemble ?","","Why pray together?","Perché pregare insieme?","¿Por qué rezar juntos?","لماذا نصلي معاً؟"
"challenge.group_desc","L'Islam met le culte collectif au cœur de la spiritualité. C'est le sens même du Dahira : multiplier l'effort individuel par la baraka du groupe.","","Islam places collective worship at the heart of spirituality. This is the very meaning of the Dahira: multiplying individual effort by the blessing of the group.","L'Islam mette il culto collettivo al centro della spiritualità. Questo è il senso stesso della Dahira: moltiplicare l'impegno individuale per la benedizione del gruppo.","El Islam sitúa el culto colectivo en el corazón de la espiritualidad. Este es el sentido mismo de la Dahira: multiplicar el esfuerzo individual por la bendición del grupo.","يضغ الإسلام العبادة الجماعية في قلب الروحانية. هذا هو المعنى الحقيقي للدائرة: مضاعفة الجهد الفردي ببركة الجماعة."
"challenge.versets_title","Les Versets Coraniques (Révélation)","","Quranic Verses (Revelation)","Versetti Coranici (Rivelazione)","Versículos Coránicos (Revelación)","الآيات القرآنية (الوحى)"
"challenge.verset1_ar","وَاعْتَصِمُوا بِحَبْلِ اللَّهِ جَمِيعًا وَلَا تَفَرَّقُوا ۚ وَاذْكُرُوا نِعْمَتَ اللَّهِ عَلَيْكُمْ","","وَاعْتَصِمُوا بِحَبْلِ اللَّهِ جَمِيعًا وَلَا تَفَرَّقُوا ۚ وَاذْكُرُوا نِعْمَتَ اللَّهِ عَلَيْكُمْ","وَاعْتَصِمُوا بِحَبْلِ اللَّهِ جَمِيعًا وَلَا تَفَرَّقُوا ۚ وَاذْكُرُوا نِعْمَتَ اللَّهِ عَلَيْكُمْ","وَاعْتَصِمُوا بِحَبْلِ اللَّهِ جَمِيعًا وَلَا تَفَرَّقُوا ۚ وَاذْكُرُوا نِعْمَتَ اللَّهِ عَلَيْكُمْ","وَاعْتَصِمُوا بِحَبْلِ اللَّهِ جَمِيعًا وَلَا تَفَرَّقُوا ۚ وَاذْكُرُوا نِعْمَتَ اللَّهِ عَلَيْكُمْ"
"challenge.verset1_fr","« Et cramponnez-vous tous ensemble au câble d'Allah et ne vous divisez pas ; et rappelez-vous le bienfait d'Allah sur vous. »","","“And hold fast, all of you together, to the rope of Allah, and do not be divided. And remember the favor of Allah upon you.”","«E aggrappatevi tutti insieme alla corda di Allah e non dividetevi. E ricordate il favore di Allah su di voi.»","«Y aferraos al pacto de Allah, todos juntos, y no os separéis. Y recordad la gracia de Allah sobre vosotros.»","«وَاعْتَصِمُوا بِحَبْلِ اللَّهِ جَمِيعًا وَلَا تَفَرَّقُوا ۚ وَاذْكُرُوا نِعْمَتَ اللَّهِ عَلَيْكُمْ»"
"challenge.verset1_ref","— Coran, sourate Âl-'Imrân (3), verset 103","","— Quran, Surah Ali 'Imran (3), verse 103","— Corano, Sura Ali 'Imran (3), versetto 103","— Corán, Sura Ali 'Imran (3), versículo 103","— القرآن الكريم، سورة آل عمران (٣)، الآية ١٠٣"
"challenge.verset2_ar","وَتَعَاوَنُوا عَلَى الْبِرِّ وَالتَّقْوَىٰ","","وَتَعَاوَنُوا عَلَى الْبِرِّ وَالتَّقْوَىٰ","وَتَعَاوَنُوا عَلَى الْبِرِّ وَالتَّقْوَىٰ","وَتَعَاوَنُوا عَلَى الْبِرِّ وَالتَّقْوَىٰ","وَتَعَاوَنُوا عَلَى الْبِرِّ وَالتَّقْوَىٰ"
"challenge.verset2_fr","« Entraidez-vous dans la piété et la crainte de Dieu. »","","“And cooperate in righteousness and piety.”","«E cooperatori nella rettitudine e nella pietà.»","«Y cooperad en la rectitud y la piedad.»","«وَتَعَاوَنُوا عَلَى الْبِرِّ وَالتَّقْوَىٰ»"
"challenge.verset2_ref","— Coran, sourate Al-Mâ'ida (5), verset 2","","— Quran, Surah Al-Ma'idah (5), verse 2","— Corano, Sura Al-Ma'idah (5), versetto 2","— Corán, Sura Al-Ma'idah (5), versético 2","— القرآن الكريم، سورة المائدة (٥)، الآية ٢"
"challenge.hadiths_title","Les Nobles Hadiths (Guidance)","","Noble Hadiths (Guidance)","Nobili Hadith (Guida)","Nobles Hadices (Guía)","الأحاديث النبوية الشريفة (الهدي)"
"challenge.hadith1_ar","صَلَاةُ الْجَمَاعَةِ تَفْضُلُ صَلَاةَ الْفَذِّ بِسَبْعٍ وَعِشْرِينَ دَرَجَةً","","صَلَاةُ الْجَمَاعَةِ تَفْضُلُ صَلَاةَ الْفَذِّ بِسَبْعٍ وَعِشْرِينَ دَرَجَةً","صَلَاةُ الْجَمَاعَةِ تَفْضُلُ صَلَاةَ الْفَذِّ بِسَبْعٍ وَعِشْرِينَ دَرَجَةً","صَلَاةُ الْجَمَاعَةِ تَفْضُلُ صَلَاةَ الْفَذِّ بِسَبْعٍ وَعِشْرِينَ دَرَجَةً","صَلَاةُ الْجَمَاعَةِ تَفْضُلُ صَلَاةَ الْفَذِّ بِسَبْعٍ وَعِشْرِينَ دَرَجَةً"
"challenge.hadith1_fr","« La prière en groupe est supérieure à la prière individuelle de vingt-senpt degrés. »","","“Prayer in congregation is superior to prayer alone by twenty-seven degrees.”","«La preghiera in gruppo è superiore alla preghiera individuale di ventisette gradi.»","«La oración en grupo es superior a la oración individual por veintiséis grados.»","«صَلَاةُ الْجَمَاعَةِ تَفْضُلُ صَلَاةَ الْفَذِّ بِسَبْعٍ وَعِشْرِينَ دَرَجَةً»"
"challenge.hadith1_ref","— Le Prophète Muhammad ﷺ (rapporté par Al-Bukhari et Muslim)","","— The Prophet Muhammad ﷺ (reported by Al-Bukhari and Muslim)","— Il Profeta Muhammad ﷺ (riportato da Al-Bukhari e Muslim)","— El Profeta Muhammad ﷺ (transmitido por Al-Bujari y Muslim)","— النبي محمد ﷺ (رواه البخاري ومسلم)"
"challenge.hadith2_ar","يَدُ اللَّهِ مَعَ الْجَمَاعَةِ","","يَدُ اللَّهِ مَعَ الْجَمَاعَةِ","يَدُ اللَّهِ مَعَ الْجَمَاعَةِ","يَدُ اللَّهِ مَعَ الْجَمَاعَةِ","يَدُ اللَّهِ مَعَ الْجَمَاعَةِ"
"challenge.hadith2_fr","« La main d'Allah est avec le groupe. »","","“Allah's hand is with the group.”","«La mano di Allah è con il gruppo.»","«La mano de Allah está con el grupo.»","«يَدُ اللَّهِ مَعَ الْجَمَاعَةِ»"
"challenge.hadith2_ref","— Hadith rapporté par At-Tirmidhi","","— Hadith reported by At-Tirmidhi","— Hadith riportato da At-Tirmidhi","— Hadiz transmitido por At-Tirmidhi","— حديث رواه الترمذي"
"challenge.conclusion","C'est l'esprit du Challenge KSN : chaque Salaatu individuel récité au sein de la communauté est multiplié par la baraka du groupe. Un milliard de Salaatu, c'est impossible seul — mais ensemble, sous l'autorité spirituelle du Dahira et avec la permission d'Allah, ce défi devient réalité.","","This is the spirit of the KSN Challenge: every individual Salaatu recited within the community is multiplied by the blessing of the group. One billion Salaatu is impossible alone — but together, under the spiritual authority of the Dahira and with Allah's permission, this challenge becomes reality.","Questo è lo spirito della Sfida KSN: ogni singolo Salaatu recitato all'interno della comunità viene moltiplicato per la benedizione del gruppo. Un miliardo di Salaatu è impossibile da soli — ma insieme, sotto l'autorità spirituale della Dahira e con il permesso di Allah, questa sfida diventa realtà.","Este es el espíritu del Reto KSN: cada Salaatu individual recitado dentro de la comunidad se multiplica por la bendición del grupo. Mil millones de Salaatu es imposible en solitario — pero juntos, bajo la autoridad espiritual de la Dahira y con el permiso de Allah, este desafío se hace realidad.","هذه هي روح تحدي KSN: كل صلاة فردية تُتلى داخل المجتمع تتضاعف ببركة الجماعة. مليار صلاة أمر مستحيل للفرد بمفرده — ولكن معاً، تحت القيادة الروحية للدائرة وبإذن الله، يصبح هذا التحدي حقيقة واقعة."
"challenge.reward_badge","La récompense divine","","Divine Reward","Ricompensa Divina","Recompensa Divina","الأجر الإلهي"
"challenge.reward_ar","مَنْ صَلَّى عَلَيَّ صَلَاةً صَلَّى اللَّهُ عَلَيْهِ بِهَا عَشْرًا","","مَنْ صَلَّى عَلَيَّ صَلَاةً صَلَّى اللَّهُ عَلَيْهِ بِهَا عَشْرًا","مَنْ صَلَّى عَلَيَّ صَلَاةً صَلَّى اللَّهُ عَلَيْهِ بِهَا عَشْرًا","مَنْ صَلَّى عَلَيَّ صَلَاةً صَلَّى اللَّهُ عَلَيْهِ بِهَا عَشْرًا","مَنْ صَلَّى عَلَيَّ صَلَاةً صَلَّى اللَّهُ عَلَيْهِ بِهَا عَشْرًا"
"challenge.reward_fr","« Celui qui prie sur moi une fois, Allah prie sur lui dix fois. »","","“Whoever sends blessings upon me once, Allah will send blessings upon him ten times.”","«Chi prega su di me una volta, Allah pregherà su di lui dieci volte.»","«Quien pida una bendición para mí una vez, Allah derramará diez bendiciones sobre él.»","«مَنْ صَلَّى عَلَيَّ صَلَاةً صَلَّى اللَّهُ عَلَيْهِ بِهَا عَشْرًا»"
"challenge.reward_ref","— Le Prophète Muhammad ﷺ (rapporté par Muslim)","","— The Prophet Muhammad ﷺ (reported by Muslim)","— Il Profeta Muhammad ﷺ (riportato da Muslim)","— El Profeta Muhammad ﷺ (transmitido por Muslim)","— النبي محمد ﷺ (رواه مسلم)"
"challenge.share_label","Partager le défi","","Share the challenge","Condividi la sfida","Compartir el desafío","شارك التحدي"
"don.overline","Soutenir le Dahira","","Support the Dahira","Sostieni la Dahira","Apoyar a la Dahira","دعم الدائرة"
"don.title","Faire un Don","","Make a Donation","Fai una Donazione","Hacer una Donación","تبرع الآن"
"don.arabic","وَأَنفِقُوا فِي سَبِيلِ اللَّهِ","","وَأَنفِقُوا فِي سَبِيلِ اللَّهِ","وَأَنفِقُوا فِي Sَبِيلِ اللَّهِ","وَأَنفِقُوا فِي سَبِيلِ اللَّهِ","وَأَنفِقُوا فِي سَبِيلِ اللَّهِ"
"don.desc","Votre don soutient les activités spirituelles, l'éducation, la solidarité et le rayonnement international du Dahira KSN.","","Your donation supports the spiritual activities, education, solidarity and international outreach of the KSN Dahira.","La tua donazione sostiene le attività spirituale, l'educazione, la solidarietà e la diffusione internazionale della Dahira KSN.","Su donación apoya las actividades espirituales, la educación, la solidaridad y la proyección internacional de la Dahira KSN.","تبرعكم يدعم الأنشطة الروحانية، والتعليم، والتضامن، والإشعاع الدولي لداهيرا KSN."
"don.wave_badge","Paiement instantané","","Instant payment","Pagamento istantaneo","Pago instantáneo","دفع فوري"
"don.wave_title","Don via Wave","","Donate via Wave","Donazione via Wave","Donación a través de Wave","تبرع عبر Wave"
"don.wave_desc","Choisissez un montant et finalisez votre don en un clic.","","Choose an amount and finalize your donation in one click.","Scegli un importo e finalizza la tua donazione in un clic.","Elija un monto y finalice su donación en un clic.","اختر المبلغ وأكمل تبرعك بضغطة واحدة."
"don.wave_link_coming","Lien à venir","","Link coming soon","Link in arrivo","Enlace próximamente","الرابط قريباً"
"don.custom_amount","Montant libre — contactez-nous sur WhatsApp","","Custom amount — contact us on WhatsApp","Importo libero — contattaci su WhatsApp","Monto libre — contáctenos en WhatsApp","مبلغ حر — تواصل معنا عبر واتساب"
"don.om_badge","Mobile Money","","Mobile Money","Mobile Money","Dinero Móvil","دفع عبر الهاتف"
"don.om_title","Orange Money","","Orange Money","Orange Money","Orange Money","Orange Money"
"don.om_desc","Envoyez votre don directement au numéro officiel KSN via l'application Orange Money ou le code #144#.","","Send your donation directly to the official KSN number via the Orange Money app or code #144#.","Invia la tua donazione direttamente al numero ufficiale KSN tramite l'app Orange Money o il codice #144#.","Envíe su donación directamente al número oficial KSN a través de la app Orange Money o del código #144#.","أرسل تبرعك مباشرة إلى رقم KSN الرسمي عبر تطبيق Orange Money أو الرمز #144#."
"don.official_number","Numéro officiel","","Official number","Numero ufficiale","Número oficial","الرقم الرسمي"
"don.uba_badge","Virement bancaire","","Bank Transfer","Bonifico bancario","Transferencia bancaria","تحويل بنكي"
"don.uba_title","Compte UBA","","UBA Account","Conto UBA","Cuenta UBA","حساب UBA"
"don.uba_desc","Pour les dons importants ou les virements internationaux, effectuez un virement bancaire sur le compte UBA officiel du Dahira KSN.","","For large donations or international transfers, make a bank transfer to the official UBA account of the KSN Dahira.","Per grandi donazioni o bonifici internazionali, effettua un bonifico sul conto UBA ufficiale della Dahira KSN.","Para grandes donaciones o transferencias internacionales, realice una transferencia bancaria a la cuenta oficial UBA de la Dahira KSN.","للتبرعات الكبيرة أو التحويلات الدولية، يرجى إجراء تحويل بنكي إلى حساب UBA الرسمي لداهيرا KSN."
"don.uba_number","Numéro de compte","","Account number","Numero di conto","Número de cuenta","رقم الحساب"
"don.uba_beneficiary","Bénéficiaire : Dahira Kippangog Salaatu 'Alaa Nabii","","Beneficiary: Dahira Kippangog Salaatu 'Alaa Nabii","Beneficiario: Dahira Kippangog Salaatu 'Alaa Nabii","Beneficiario: Dahira Kippangog Salaatu 'Alaa Nabii","المستفيد: Dahira Kippangog Salaatu 'Alaa Nabii"
"don.uba_confirm","Confirmer votre virement sur WhatsApp","","Confirm transfer on WhatsApp","Conferma bonifico su WhatsApp","Confirmar transferencia en WhatsApp","تأكيد التحويل عبر واتساب"
"don.om_confirm","Confirmer votre don sur WhatsApp","","Confirm donation on WhatsApp","Conferma donazione su WhatsApp","Confirmar donación en WhatsApp","تأكيد التبرع عبر واتساب"
"don.thanks_arabic","بَارَكَ اللَّهُ فِيكُمْ","","بَارَكَ اللَّهُ فِيكُمْ","بَارَكَ اللَّهُ فِيكُمْ","بَارَكَ اللَّهُ فِيكُمْ","بَارَكَ اللَّهُ فِيكُمْ"
"don.thanks_title","Merci de votre soutien","","Thank you for your support","Grazie per il tuo supporto","Gracias por su apoyo","شكرًا لدعمكم"
"don.thanks_desc","Chaque don, quelle que soit sa nature, contribue au rayonnement spirituel du Dahira KSN et soutient nos activités au service de la Prière sur le Prophète Muhammad ﷺ.","","Every donation, whatever its size, contributes to the spiritual outreach of the KSN Dahira and supports our activities at the service of Prayer upon the Prophet Muhammad ﷺ.","Ogni donazione, di qualsiasi entità, contribuisce alla diffusione spirituale della Dahira KSN e sostiene le nostre attività al servizio della Preghiera sul Profeta Muhammad ﷺ.","Cada donación, sea cual sea su cuantía, contribuye a la proyección espiritual de la Dahira KSN y apoya nuestras actividades al servicio de la Oración sobre el Profeta Muhammad ﷺ.","كل تبرع، مهما كانت قيمته، يساهم في الإشعاع الروحي لداهيرا KSN ويدعم أنشطتنا في خدمة الصلاة على النبي محمد ﷺ."
"don.thanks_hadith","« Celui qui fait l'aumône avec l'équivalent d'une datte gagnée licitement, Allah la prend et la fait fructifier comme l'un de vous élève son poulain. » — Hadith","","“If anyone gives in charity of what is equivalent to a date from honestly earned wealth, Allah accepts it and fosters it for him as one of you fosters his foal.” — Hadith","«Chi fa l'elemosina con l'equivalente di un dattero guadagnato lecitamente, Allah la prende e la fa fruttare come uno di voi alleva il suo puledro.» — Hadith","«Quien dé en limosna el equivalente de un dátil procedente de ganancias lícitas, Allah la acepta y la hace fructificar como uno de vosotros cría a su potro.» — Hadiz","«من تصدق بعدل تمرة من كسب طيب، ولا يقبل الله إلا الطيب، فإن الله يتقبلها بيمينه ثم يربيها لصاحبه كما يربي أحدكم فلوه» — حديث شريف"
"don.contact_btn","Contacter KSN directement","","Contact KSN directly","Contatta KSN direttamente","Contactar KSN directamente","تواصل مع KSN مباشرة"
"faq.overline","Questions fréquentes","","Frequently Asked Questions","Domande Frequenti","Preguntas Frecuentes","الأسئلة الشائعة"
"faq.title","Tout ce qu'il faut savoir","","Everything you need to know","Tutto quello che c'è da sapere","Todo lo que necesita saber","كل ما تحتاج إلى معرفته"
"faq.arabic","الأسئلة المتداولة","","الأسئلة المتداولة","الأسئلة المتداولة","الأسئلة المتداولة","الأسئلة المتداولة"
"faq.desc","Les réponses aux questions les plus fréquemment posées sur le Dahira KSN, l'adhésion, le Challenge 1 Milliard, la Journée Salaatu, l'application mobile et bien plus.","","Answers to the most frequently asked questions about the KSN Dahira, membership, the 1 Billion Challenge, Salaatu Day, the mobile app, and more.","Risposte alle domande più frequenti sulla Dahira KSN, l'adesione, la Sfida di 1 Miliardo, la Giornata Salaatu, l'app mobile e altro ancora.","Respuestas a las preguntas más frecuentes sobre la Dahira KSN, la membresía, el Reto de 1 Mil Millones, el Día Salaatu, la app móvil y más.","الأجوبة على الأسئلة الأكثر شيوعاً حول داهيرا KSN، والانخراط، وتحدي المليار صلاة، ويوم الصلاة، وتطبيق الهاتف، وغيرها."
"faq.summary","Sommaire — {sectionCount} sections, {questionCount} questions","","Summary — {sectionCount} sections, {questionCount} questions","Sommario — {sectionCount} sezioni, {questionCount} domande","Resumen — {sectionCount} secciones, {questionCount} preguntas","الفهرس — {sectionCount} أقسام، {questionCount} أسئلة"
"faq.extra_title","Votre question n'est pas dans la liste ?","","Is your question not listed?","La tua domanda non è nell'elenco?","¿Su pregunta no está en la lista?","سؤالك غير موجود بالقائمة؟"
"faq.extra_desc","Notre équipe WhatsApp répond rapidement à toutes les questions spécifiques. N'hésitez pas, aucune question n'est trop simple ou trop complexe.","","Our WhatsApp team responds quickly to specific questions. Do not hesitate, no question is too simple or complex.","Il nostro team WhatsApp risponde rapidamente alle domande specifiche. Non esitare, nessuna domanda è troppo semplice o complessa.","Nuestro equipo de WhatsApp responde rápidamente a preguntas específicas. No lo dude, ninguna pregunta es demasiado sencilla o compleja.","يجيب فريقنا على واتساب بسرعة على كافة الأسئلة الخاصة. لا تتردد، فلا يوجد سؤال بسيط جداً أو معقد جداً."
"faq.extra_btn","Poser ma question via WhatsApp","","Ask my question on WhatsApp","Fai la tua domanda su WhatsApp","Hacer mi pregunta en WhatsApp","اطرح سؤالي عبر واتساب"
"faq.extra_contact","Formulaire de contact →","","Contact form →","Modulo di contatto →","Formulario de contacto →","نموذج الاتصال ←"
"faq.extra_share","Partager cette FAQ","","Share this FAQ","Condividi questa FAQ","Compartir esta FAQ","شارك هذه الصفحة"
"inscription.overline","Rejoindre la communauté","","Join the community","Unisciti alla comunità","Unirse a la comunidad","الانضمام للمجتمع"
"inscription.title","Rejoindre le Dahira","","Join the Dahira","Unisciti alla Dahira","Unirse a la Dahira","الانضمام للدائرة"
"inscription.arabic","مرحبا بكم","","مرحبا بكم","مرحبا بكم","مرحبا بكم","مرحبا بكم"
"inscription.desc","L'adhésion au Dahira Kippangog Salaatu ʿAlaa Nabii se fait directement avec notre équipe sur WhatsApp, pour un accueil personnalisé.","","Membership in the Dahira Kippangog Salaatu ʿAlaa Nabii is done directly with our team on WhatsApp, for a personalized welcome.","L'adesione alla Dahira Kippangog Salaatu ʿAlaa Nabii viene effettuata direttamente con il nostro team su WhatsApp, per un'accoglienza personalizzata.","La membresía en la Dahira Kippangog Salaatu ʿAlaa Nabii se realiza directamente con nuestro equipo en WhatsApp, para una acogida personalizada.","يتم الانخراط في داهيرا كيبانغوغ صلاة على النبي مباشرة مع فريقنا عبر واتساب، لاستقبال مخصص."
"inscription.contact_title","Contactez-nous pour adhérer","","Contact us to join","Contattaci per aderire","Contáctenos para unirse","تواصل معنا للانخراط"
"inscription.contact_desc","Écrivez-nous sur WhatsApp : notre équipe vous guidera pas à pas pour votre adhésion officielle au Dahira, votre carte de membre et votre intégration à la communauté.","","Write to us on WhatsApp: our team will guide you step by step for your official membership in the Dahira, your membership card and your integration into the community.","Scrivici su WhatsApp: il nostro team ti guiderà passo dopo passo per la tua adesione ufficiale alla Dahira, la tua tessera associativa e la tua integrazione nella comunità.","Escríbanos a WhatsApp: nuestro equipo le guiará paso a paso para su membresía oficial en la Dahira, su carné de miembro y su integración en la comunidad.","اكتب إلينا على واتساب: سيقوم فريقنا بمرافقتك خطوة بخطوة للحصول على انخراطك الرسمي في الدائرة، وبطاقة العضوية، ودمجك في المجتمع."
"inscription.btn","Rejoindre sur WhatsApp","","Join on WhatsApp","Unisciti su WhatsApp","Unirse en WhatsApp","انضم عبر واتساب"
"inscription.note","Réponse rapide de l'équipe du Dahira, in cha Allah 🤲","","Quick response from the Dahira team, in sha Allah 🤲","Risposta rapida dal team di Dahira, in sha Allah 🤲","Respuesta rápida del equipo de la Dahira, in sha Allah 🤲","رد سريع من فريق الدائرة، إن شاء الله 🤲"
"inscription.b1","Carte de membre officielle avec matricule","","Official membership card with registration number","Tessera ufficiale di iscrizione con numero di matricola","Carné oficial de miembro con número de matrícula","بطاقة عضوية رسمية مع رقم التسجيل"
"inscription.b2","Participation aux Salaatous collectifs","","Participation in collective Salaatous","Partecipazione ai Salaatous collettivi","Participación en Salaatous colectivos","المشاركة في الصلوات الجماعية"
"inscription.b3","Accès au groupe WhatsApp du Dahira","","Access to the Dahira WhatsApp group","Accesso al gruppo WhatsApp della Dahira","Acceso al grupo de WhatsApp de la Dahira","الوصول إلى مجموعة الواتساب للدائرة"
"inscription.b4","Accompagnement spirituel toute l'année","","Spiritual guidance all year round","Guida spirituale tutto l'anno","Acompañamiento espiritual todo el año","المرافقة الروحية على مدار السنة"
"inscription.b5","Engagement communautaire international","","International community engagement","Impegno nella comunità internazionale","Compromiso con la comunidad internacional","الالتزام مع المجتمع الدولي"
"month.jan","Jan","San","Jan","Gen","Ene","يناير"
"month.feb","Fév","Fee","Feb","Feb","Feb","فبراير"
"month.mar","Mar","Mar","Mar","Mar","Mar","مارس"
"month.apr","Avr","Awu","Apr","Apr","Abr","أبريل"
"month.may","Mai","Mee","May","Mag","May","مايو"
"month.jun","Jui","Zwe","Jun","Giu","Jun","يونيو"
"month.jul","Jul","Zul","Jul","Lug","Jul","يوليو"
"month.aug","Aoû","Ut","Aug","Ago","Ago","أغسطس"
"month.sep","Sep","Sat","Sep","Set","Sep","سبتمبر"
"month.oct","Oct","Okt","Oct","Ott","Oct","أكتوبر"
"month.nov","Nov","Now","Nov","Nov","Nov","نوفمبر"
"month.dec","Déc","Des","Dec","Dic","Dic","ديسمبر"
"month.january","Janvier","Sanwiyee","January","Gennaio","Enero","يناير"
"month.february","Février","Feebriyee","February","Febbraio","Febrero","فبراير"
"month.march","Mars","Mars","March","Marzo","Marzo","مارس"
"month.april","Avril","Awril","April","Aprile","Abril","أبريل"
"month.may_full","Mai","Mee","May","Maggio","Mayo","مايو"
"month.june","Juin","Suwe","June","Giugno","Junio","يونيو"
"month.july","Juillet","Sulyee","July","Luglio","Julio","يوليو"
"month.august","Août","Ut","August","Agosto","Agosto","أغسطس"
"month.september","Septembre","Sattumbar","September","Settembre","Septiembre","سبتمبر"
"month.october","Octobre","Oktoobar","October","Ottobre","Octubre","أكتوبر"
"month.november","Novembre","Nowambar","November","Novembre","Noviembre","نوفمبر"
"month.december","Décembre","Desambar","December","Dicembre","Diciembre","ديسمبر"
"challenge.trend_overline","Tendances & Prévisions 2026","Doxalin & Ndortel 2026","Trends & Forecasts 2026","Tendenze e Previsioni 2026","Tendencias y Previsiones 2026","الاتجاهات والتوقعات ٢٠٢٦"
"challenge.trend_title","Progression Mensuelle","Yokkug Weer Wu Nek","Monthly Progress","Progressione Mensile","Progresión Mensual","التقدم الشهري"
"challenge.trend_desc","Suivi de la progression cumulée vers l'objectif spirituel du milliard. La ligne pointillée représente les projections basées sur le rythme actuel.","Toopal yokkug Salaat jëm ci milyar bi. Yoon bu rëdd bi mooy ndortel rythme bi.","Tracking of cumulative progress toward the spiritual goal of one billion. The dashed line represents projections based on the current rhythm.","Monitoraggio della progressione cumulata verso l'obiettivo spirituale del miliardo. La linea tratteggiata rappresenta le proiezioni basate sul ritmo attuale.","Seguimiento de la progresión acumulada hacia el objetivo espiritual del millardo. La línea punteada representa las proyecciones basadas en el ritmo actual.","تتبع التقدم التراكمي نحو الهدف الروحي البالغ مليار صلاة. يمثل الخط المتقطع التوقعات المستندة إلى الوتيرة الحالية."
"challenge.realized","Réalisé","Def na","Realized","Realizzato","Realizado","المنجز"
"challenge.projected","Projeté","Ndortel","Projected","Previsto","Proyectado","المتوقع"
"challenge.select_month","Sélectionner un mois","Tannal weer","Select a month","Seleziona un mese","Seleccionar un mes","اختر شهراً"
"challenge.hover_details","Survolez les points pour voir les détails","Lal points yi ngir gis details yi","Hover over points to see details","Passa il mouse sui punti per vedere i dettagli","Pasa el cursor sobre los puntos para ver los detalles","مرر مؤشر الماوس فوق النقاط لعرض التفاصيل"
"challenge.progression_label","Progression","Yokkute","Progress","Progressione","Progresión","التقدم"
"challenge.status_label","Statut","Statut","Status","Stato","Estado","الحالة"
"challenge.leaderboard_overline","Tableau d'Honneur","Tableau d'Honneur","Honor Roll","Albo d'Onore","Cuadro de Honor","لوحة الشرف"
"challenge.leaderboard_title","Les sections leaders","Section yi jiitu","Leader Sections","Le sezioni leader","Las secciones líderes","الأقسام الرائدة"
"challenge.leaderboard_desc","Félicitations et prières pour nos sections locales à travers le monde. Voici le classement des sections les plus actives du Challenge 1 Milliard.","Teyal ak ñaan ngir sunu section locales ci adduna bi. Limu section yi gën a active ci Challenge 1 Milyar.","Congratulations and prayers for our local sections around the world. Here is the ranking of the most active sections in the 1 Billion Challenge.","Congratulazioni e preghiere per le nostre sezioni locali in tutto il mondo. Ecco la classifica delle sezioni più attive nella Sfida del Miliardo.","Felicitaciones y oraciones para nuestras secciones locales en todo el mundo. Aquí está la clasificación de las secciones más activas del Reto 1 Millardo.","تهانينا ودعواتنا لأقسامنا المحلية حول العالم. إليكم ترتيب الأقسام الأكثر نشاطاً في تحدي المليار."
"challenge.leader","Leader","Njiit","Leader","Leader","Líder","الرائد"
"challenge.contributors","{count} contributeurs","{count} contributeurs","{count} contributors","{count} contributori","{count} contribuyentes","{count} مساهم"
"don.intl_badge","Diaspora & International","Bitti réew & Adduna","Diaspora & International","Diaspora e Internazionale","Diáspora e Internacional","الشتات والدولي"
"don.intl_title","Dons Sécurisés (Stripe + PayPal)","Dimbal yu Sécurisé (Stripe + PayPal)","Secure Donations (Stripe + PayPal)","Donazioni Sicure (Stripe + PayPal)","Donaciones Seguras (Stripe + PayPal)","تبرعات آمنة (Stripe + PayPal)"
"don.intl_desc","Soutenez le Dahira KSN depuis l'étranger par Carte Bancaire ou PayPal. Reçu fiscal électronique généré automatiquement.","Dimbali Dahira KSN ci bitti réew ci Carte walla PayPal. Reçu fiscal électronique day def automatiquement.","Support the KSN Dahira from abroad by Credit Card or PayPal. Electronic tax receipt generated automatically.","Sostieni la Dahira KSN dall'estero con Carta di Credito o PayPal. Ricevuta elettronica generata automaticamente.","Apoya a la Dahira KSN desde el extranjero con Tarjeta Bancaria o PayPal. Recibo electrónico generado automáticamente.","ادعم داهيرا KSN من الخارج عبر البطاقة البنكية أو بايبال. يتم إنشاء إيصال ضريبي إلكتروني تلقائياً."
"don.step_currency","1. Devise","1. Devise","1. Currency","1. Valuta","1. Moneda","١. العملة"
"don.step_amount","2. Montant du don","2. Limu ndimbal","2. Donation amount","2. Importo della donazione","2. Importe de la donación","٢. مبلغ التبرع"
"don.step_details","3. Vos coordonnées","3. Say detail","3. Your contact info","3. I tuoi dati","3. Tus datos","٣. بياناتك الشخصية"
"don.other_amount","Autre montant :","Leneen lim:","Other amount:","Altro importo:","Otro importe:","مبلغ آخر:"
"don.placeholder_custom","Saisissez un montant...","Bindal lim bi...","Enter an amount...","Inserisci un importo...","Introduce un importe...","أدخل المبلغ..."
"don.payment_method","Méthode de Paiement","Yoonu Yónne","Payment Method","Metodo di Pagamento","Método de Pago","طريقة الدفع"
"don.stripe_badge","Stripe / Carte","Stripe / Carte","Stripe / Card","Stripe / Carta","Stripe / Tarjeta","Stripe / بطاقة"
"don.paypal_badge","PayPal","PayPal","PayPal","PayPal","PayPal","PayPal"
"don.stripe_title","Saisie sécurisée Stripe","Saisie sécurisée Stripe","Secure Stripe Input","Inserimento sicuro Stripe","Entrada segura Stripe","إدخال آمن Stripe"
"don.card_number","Numéro de carte (4444 ...)","Numéro de carte (4444 ...)","Card number (4444 ...)","Numero della carta (4444 ...)","Número de tarjeta (4444 ...)","رقم البطاقة (4444 ...)"
"don.paypal_title","PayPal Express Checkout","PayPal Express Checkout","PayPal Express Checkout","PayPal Express Checkout","PayPal Express Checkout","PayPal Express Checkout"
"don.paypal_btn","Payer avec PayPal","Fay ci PayPal","Pay with PayPal","Paga con PayPal","Pagar con PayPal","الدفع بواسطة PayPal"
"don.paypal_desc","Ouvre une fenêtre pop-up sécurisée PayPal pour finaliser votre don de manière confidentielle.","Day ubbil fenêtre pop-up PayPal ngir finaliser sa ndimbal ci yoonu kër.","Opens a secure PayPal pop-up window to finalize your donation confidentially.","Apre una finestra pop-up sicura PayPal per completare la tua donazione in modo riservato.","Abre una ventana emergente segura de PayPal para finalizar tu donación de forma confidencial.","يفتح نافذة PayPal منبثقة آمنة لإكمال تبرعك بشكل سري."
"don.total","Total Don :","Limu Ndimbal:","Total Donation:","Totale Donazione:","Total Donación:","إجمالي التبرع:"
"don.secured_ssl","Données chiffrées SSL 256-bits.","SSL 256-bits chiffré.","256-bit SSL encrypted data.","Dati crittografati SSL 256-bit.","Datos cifrados SSL 256 bits.","بيانات مشفرة ببروتوكول SSL 256 بت."
"don.validation_error","Veuillez indiquer un montant valide.","Bindal lim bu dëgg.","Please specify a valid amount.","Inserisci un importo valido.","Por favor, indica un importe válido.","يرجى إدخل مبلغ صالح."
"don.details_error","Veuillez renseigner votre nom et votre adresse email.","Bindal sa tur ak sa email.","Please enter your name and email address.","Inserisci il tuo nome e il tuo indirizzo email.","Por favor, introduce tu nombre y tu dirección de correo electrónico.","يرجى ملء الاسم والبريد الإلكتروني."
"don.btn_processing","Traitement sécurisé...","Processing sécurisé...","Processing securely...","Elaborazione sicura...","Procesamiento seguro...","جاري المعالجة الآمنة..."
"don.btn_submit","Valider mon don","Teral sa ndimbal","Validate my donation","Conferma la mia donazione","Validar mi donación","تأكيد التبرع"
"don.processing_error","Une erreur est survenue lors du traitement du don. Veuillez réessayer.","Erreur am na ci ndimbal mi. Jéemaatël.","An error occurred while processing the donation. Please try again.","Si è verificato un errore durante l'elaborazione della donazione. Riprova.","Se ha producido un error al procesar la donación. Por favor, inténtalo de nuevo.","حدث خطأ أثناء معالجة التبرع. يرجى المحاولة مرة أخرى."
"don.success_thanks","Merci infiniment !","Jërëjëf bu bari!","Thank you very much!","Grazie infinite!","¡Muchísimas gracias!","شكراً جزيلاً لك!"
"don.success_desc","Votre don de {amount} a été validé avec succès.","Sa ndimbal bu {amount} nangu na bu baax.","Your donation of {amount} has been successfully validated.","La tua donazione di {amount} è stata confermata con successo.","Tu donación de {amount} ha sido validada con éxito.","تم تأكيد تبرعك بقيمة {amount} بنجاح."
"don.receipt_title","Reçu de Don Électronique","Reçu de Don Électronique","Electronic Donation Receipt","Ricevuta di Donazione Elettronica","Recibo de Donación Electrónico","إيصال تبرع إلكتروني"
"don.receipt_donor","Bienfaiteur :","Bienfaiteur:","Donor:","Benefattore:","Benefactor:","المتبرع:"
"don.receipt_email","Email :","Email:","Email:","Email:","Email:","البريد الإلكتروني:"
"don.receipt_tx","Transaction N° :","Transaction N°:","Transaction No.:","Transazione N°:","Transacción N°:","رقم المعاملة:"
"don.receipt_status","Statut :","Statut:","Status:","Stato:","Estado:","الحالة:"
"don.receipt_success","Succès ✓","Nangu ✓","Success ✓","Successo ✓","Éxito ✓","ناجح ✓"
"don.receipt_email_sent","Un e-mail de confirmation contenant votre reçu au format PDF a été envoyé à l'adresse {email}.","Email de confirmation yónne na ci {email} ak reçuu PDF.","A confirmation email containing your receipt in PDF format has been sent to {email}.","Un'email di conferma con la tua ricevuta in formato PDF è stata inviata all'indirizzo {email}.","Se ha enviado un correo de confirmación con tu recibo en formato PDF a la dirección {email}.","تم إرسال بريد إلكتروني للتأكيد يحتوي على إيصالك بصيغة PDF إلى {email}."
"don.new_donation","Faire un nouveau don","Defal leneen ndimbal","Make a new donation","Fai una nuova donazione","Hacer una nueva donación","تبرع جديد"
"faq.cat1_title","Le Dahira KSN","Dahira KSN","The Dahira KSN","La Dahira KSN","El Dahira KSN","داهيرا KSN"
"faq.q1_1","Qu'est-ce que le Dahira Kippangog Salaatu ʿAlaa Nabii ?","Qu'est-ce que le Dahira Kippangog Salaatu ʿAlaa Nabii ?","What is the Dahira Kippangog Salaatu ʿAlaa Nabii?","Cos'è la Dahira Kippangog Salaatu ʿAlaa Nabii?","¿Qué es el Dahira Kippangog Salaatu ʿAlaa Nabii?","ما هي داهيرا Kippangog Salaatu ʿAlaa Nabii؟"
"faq.a1_1","Le Dahira KSN est une organisation religieuse à but non lucratif fondée le 2 janvier 2021 à Touba, Sénégal. Sa mission est de promouvoir la prière sur le Prophète Muhammad ﷺ (Salaatu) à travers une communauté internationale structurée, des activités spirituelles régulières et un engagement collectif quotidien.","Le Dahira KSN éne organisation religieuse à but non lucratif fondée le 2 janvier 2021 à Touba, Sénégal. Sa mission est de promouvoir la prière sur le Prophète Muhammad ﷺ (Salaatu) à travers une communauté internationale structurée, des activités spirituelles régulières et un engagement collectif quotidien.","The Dahira KSN is a non-profit religious organization founded on January 2, 2021 in Touba, Senegal. Its mission is to promote prayers upon the Prophet Muhammad ﷺ (Salaatu) through a structured international community, regular spiritual activities, and daily collective engagement.","La Dahira KSN è un'organizzazione religiosa senza scopo di lucro fondata il 2 gennaio 2021 a Touba, in Senegal. La sua missione è promuovere la preghiera sul Profeta Muhammad ﷺ (Salaatu) attraverso una comunità internazionale strutturata, attività spirituali regolari e un impegno collettivo quotidiano.","El Dahira KSN es una organización religiosa sin ánimo de lucro fundada el 2 de enero de 2021 en Tuba, Senegal. Su misión es promover la oración sobre el Profeta Muhammad ﷺ (Salaatu) a través de una comunidad internacional estructurada, actividades espirituales regulares y un compromiso colectivo diario.","داهيرا KSN هي منظمة دينية غير ربحية تأسست في ٢ يناير ٢٠٢١ في طوبى، السنغال. مهمتها هي نشر الصلاة على النبي ﷺ من خلال مجتمع دولي منظم، وأنشطة روحية منتظمة، والتزام جماعي يومي."
"faq.q1_2","Qui peut rejoindre le Dahira KSN ?","Qui peut rejoindre le Dahira KSN ?","Who can join the Dahira KSN?","Chi può unirsi alla Dahira KSN?","¿Quién puede unirse al Dahira KSN?","من يمكنه الانضمام إلى داهيرا KSN؟"
"faq.a1_2","Toute personne aimant le Prophète Muhammad ﷺ peut rejoindre, quel que soit son pays, sa langue ou son origine. L'adhésion est ouverte aux musulmans du monde entier qui souhaitent multiplier les Salaatu individuels et participer à la dynamique communautaire du Dahira.","Toute personne aimant le Prophète Muhammad ﷺ peut rejoindre, quel que soit son pays, sa langue ou son origine. L'adhésion est ouverte aux musulmans du monde entier qui souhaitent multiplier les Salaatu individuels et participer à la dynamique communautaire du Dahira.","Anyone who loves the Prophet Muhammad ﷺ can join, regardless of country, language, or origin. Membership is open to Muslims worldwide who wish to multiply individual Salaatus and participate in the Dahira's community dynamics.","Chiunque ami il Profeta Muhammad ﷺ può unirsi, indipendentemente dal paese, dalla lingua o dall'origine. L'adesione è aperta ai musulmani di tutto il mondo che desiderano moltiplicare i Salaatu individuali e partecipare alla dinamica comunitaria della Dahira.","Toda persona que ame al Profeta Muhammad ﷺ puede unirse, sea cual sea su país, su lengua o su origen. La adhesión está abierta a los musulmanes de todo el mundo que deseen multiplicar los Salaatu individuales y participar en la dinámica comunitaria del Dahira.","يمكن لأي شخص يحب النبي محمد ﷺ الانضمام، بغض النظر عن بلده أو لغته أو أصله. العضوية مفتوحة للمسلمين في جميع أنحاء العالم الذين يرغبون في زيادة صلواتهم الفردية والمشاركة في الديناميكية الجماعية للداهيرا."
"faq.q1_3","Le Dahira est-il rattaché à une confrérie ou à un Cheikh particulier ?","Le Dahira est-il rattaché à une confrérie ou à un Cheikh particulier ?","Is the Dahira affiliated with a specific brotherhood or Sheikh?","La Dahira è legata a una confraternita o a uno Cheikh particolare?","¿Está el Dahira vinculado a una cofradía o a un Cheikh en particular?","هل الداهيرا تابعة لطريقة صوفية أو شيخ معين؟"
"faq.a1_3","Le Dahira KSN est ancré dans la tradition spirituelle de Touba (voie mouride) et reconnaît l'héritage du Cheikh Ahmadou Bamba (qu'Allah l'agrée). Notre objet est exclusivement le Salaatu ʿAlaa Nabii — la prière sur le Prophète ﷺ — qui est commun à tous les musulmans.","Le Dahira KSN est ancré dans la tradition spirituelle de Touba (voie mouride) et reconnaît l'héritage du Cheikh Ahmadou Bamba (qu'Allah l'agrée). Notre objet est exclusivement le Salaatu ʿAlaa Nabii — la prière sur le Prophète ﷺ — qui est commun à tous les musulmans.","The Dahira KSN is anchored in the spiritual tradition of Touba (Mouride path) and recognizes the legacy of Sheikh Ahmadou Bamba (may Allah be pleased with him). Our focus is exclusively on the Salaatu ʿAlaa Nabii — the prayer upon the Prophet ﷺ — which is common to all Muslims.","La Dahira KSN è radicata nella tradizione spirituale di Touba (via muride) e riconosce l'eredità dello Cheikh Ahmadou Bamba (che Allah sia soddisfatto di lui). Il nostro oggetto è esclusivamente il Salaatu ʿAlaa Nabii — la preghiera sul Profeta ﷺ — comune a tutti i musulmani.","El Dahira KSN está arraigado en la tradición espiritual de Tuba (vía muride) y reconoce el legado del Cheikh Ahmadou Bamba (que Allah esté complacido con él). Nuestro objeto es exclusivamente el Salaatu ʿAlaa Nabii — la oración sobre el Profeta ﷺ — común a todos los musulmanes.","تأسست داهيرا KSN على التقاليد الروحية لطوبى (الطريقة المريدية) وتعتز بإرث الشيخ أحمد بمبا (رضي الله عنه). موضوعنا حصري هو الصلاة على النبي ﷺ وهي مشتركة بين جميع المسلمين."
"faq.cat2_title","Adhésion et Espace membre","Adhésion et Espace membre","Membership and Member Area","Adesione e Spazio membri","Adhesión y Espacio de miembro","العضوية ومساحة الأعضاء"
"faq.q2_1","Comment devenir membre officiel du Dahira ?","Comment devenir membre officiel du Dahira ?","How do I become an official member of the Dahira?","Come diventare membro ufficiale della Dahira?","¿Cómo convertirse en miembro oficial del Dahira?","كيف أصبح عضواً رسمياً في الداهيرا؟"
"faq.a2_1","Trois étapes : (1) remplir le formulaire d'inscription sur la page /inscription, (2) payer la cotisation annuelle de 1 000 FCFA via Wave, Orange Money ou UBA, (3) accéder à votre espace membre avec votre carte CR-80 imprimable et votre matricule officiel.","Trois étapes : (1) remplir le formulaire d'inscription sur la page /inscription, (2) payer la cotisation annuelle de 1 000 FCFA via Wave, Orange Money ou UBA, (3) accéder à votre espace membre avec votre carte CR-80 imprimable et votre matricule officiel.","Three steps: (1) fill out the registration form on the /inscription page, (2) pay the annual membership fee of 1,000 FCFA via Wave, Orange Money, or UBA, (3) access your member area with your printable CR-80 card and official registration number.","Tre passaggi: (1) compilare il modulo di iscrizione sulla pagina /inscription, (2) pagare la quota annuale di 1.000 FCFA tramite Wave, Orange Money o UBA, (3) accedere al proprio spazio membri con la tessera CR-80 stampabile e la matricola ufficiale.","Tres pasos: (1) rellenar el formulario de inscripción en la página /inscription, (2) pagar la cuota anual de 1.000 FCFA mediante Wave, Orange Money o UBA, (3) acceder a tu espacio de miembro con tu tarjeta CR-80 imprimible y tu matrícula oficial.","ثلاث خطوات: (١) ملء استمارة التسجيل في صفحة الانخراط، (٢) دفع الاشتراك السنوي البالغ ١٠٠٠ فرنك غرب أفريقي عبر Wave أو Orange Money أو UBA، (٣) الدخول إلى مساحة الأعضاء للحصول على بطاقة العضوية ورقم التسجيل الرسمي."
"faq.q2_2","Quel est le montant de la cotisation annuelle ?","Quel le montant de la cotisation annuelle ?","How much is the annual membership fee?","Qual è l'importo della quota annuale?","¿Cuál es el importe de la cuota anual?","كم يبلغ الاشتراك السنوي؟"
"faq.a2_2","1 000 FCFA par an (environ 1,50 €). Cette modeste contribution finance les activités du Dahira (organisation de la Journée Salaatu, frais d'hébergement des invités, communication, etc.). Des dons supplémentaires sont toujours bienvenus pour soutenir nos projets.","1 000 FCFA par an (environ 1,50 €). Cette modeste contribution finance les activités du Dahira (organisation de la Journée Salaatu, frais d'hébergement des invités, communication, etc.). Des dons supplémentaires sont toujours bienvenus pour soutenir nos projets.","1,000 FCFA per year (about €1.50). This modest contribution funds the Dahira's activities (organizing the Salaatu Day, hosting guests, communication, etc.). Additional donations are always welcome to support our projects.","1.000 FCFA all'anno (circa 1,50 €). Questo modesto contributo finanzia le attività della Dahira (organizzazione della Giornata Salaatu, spese di ospitalità degli invitati, comunicazione, ecc.). Donazioni aggiuntive sono sempre benvenute per sostenere i nostri progetti.","1.000 FCFA al año (aproximadamente 1,50 €). Esta modesta contribución financia las actividades del Dahira (organización de la Jornada Salaatu, gastos de alojamiento de los invitados, comunicación, etc.). Las donaciones adicionales siempre son bienvenidas para apoyar nuestros proyectos.","١٠٠٠ فرنك غرب أفريقي سنوياً (حوالي ١.٥٠ يورو). تمول هذه المساهمة المتواضعة أنشطة الداهيرا (تنظيم يوم الصلاة، استضافة الضيوف، الاتصال، إلخ). التبرعات الإضافية مرحب بها دائماً."
"faq.q2_3","Comment recevoir ma carte de membre ?","Comment recevoir ma carte de membre ?","How do I receive my membership card?","Come ricevere la mia tessera di membro?","¿Cómo recibir mi tarjeta de miembro?","كيف أحصل على بطاقة العضوية الخاصة بي؟"
"faq.a2_3","Une fois votre paiement validé, votre carte de membre KSN au format CR-80 (taille carte bancaire) apparaît automatiquement dans votre espace membre. Vous pouvez l'imprimer directement depuis votre profil ou la sauvegarder sur votre téléphone pour la présenter lors des événements.","Une fois votre paiement validé, votre carte de membre KSN au format CR-80 (taille carte bancaire) apparaît automatiquement dans votre espace membre. Vous pouvez l'imprimer directement depuis votre profil ou la sauvegarder sur votre téléphone pour la présenter lors des événements.","Once your payment is validated, your KSN membership card in CR-80 format (credit card size) automatically appears in your member area. You can print it directly from your profile or save it to your phone to present at events.","Una volta convalidato il pagamento, la tua tessera di membro KSN in formato CR-80 (dimensioni di una carta di credito) appare automaticamente nel tuo spazio membri. Puoi stamparla direttamente dal tuo profilo o salvarla sul telefono per mostrarla durante gli eventi.","Una vez validado tu pago, tu tarjeta de miembro KSN en formato CR-80 (tamaño de tarjeta bancaria) aparece automáticamente en tu espacio de miembro. Puedes imprimirla directamente desde tu perfil o guardarla en tu teléfono para presentarla en los eventos.","بمجرد تأكيد الدفع، تظهر بطاقة عضوية KSN بحجم بطاقة البنك تلقائياً في مساحة الأعضاء الخاصة بك. يمكنك طباعتها مباشرة أو حفظها على هاتفك لتقديمها في الفعاليات."
"faq.q2_4","J'ai déjà payé mais ma page reste sur ""En attente"". Que faire ?","J'ai déjà payé mais ma page reste sur ""En attente"". Que faire ?","I have already paid but my page remains on ""Pending"". What should I do?","Ho già pagato ma la mia pagina rimane su ""In attesa"". Cosa devo fare?","Ya he pagado pero mi página sigue en ""En espera"". ¿Qué debo hacer?","لقد دفعت بالفعل ولكن صفحتي لا تزال قيد الانتظار. ماذا أفعل؟"
"faq.a2_4","Une fois le paiement Wave effectué, cliquez sur le bouton vert « J'ai payé — Activer mon compte » dans votre espace membre. Si le bouton ne s'active pas, contactez-nous via WhatsApp avec votre reçu de paiement, nous validerons manuellement.","Une fois le paiement Wave effectué, cliquez sur le bouton vert « J'ai payé — Activer mon compte » dans votre espace membre. Si le bouton ne s'active pas, contactez-nous via WhatsApp avec votre reçu de paiement, nous validerons manuellement.","Once the Wave payment is made, click on the green button ""I paid — Activate my account"" in your member area. If the button does not activate, contact us via WhatsApp with your payment receipt, we will validate manually.","Una volta effettuato il pagamento Wave, clicca sul pulsante verde « Ho pagato — Attiva il mio account » nel tuo spazio membri. Se il pulsante non si attiva, contattaci su WhatsApp con la ricevuta di pagamento, convalideremo manualmente.","Una vez efectuado el pago Wave, haz clic en el botón verde « He pagado — Activar mi cuenta » en tu espacio de miembro. Si el botón no se activa, contáctanos por WhatsApp con tu recibo de pago, validaremos manualmente.","بمجرد إتمام الدفع عبر Wave، انقر على الزر الأخضر ""لقد دفعت — تفعيل حسابي"" في مساحة الأعضاء. إذا لم يتم التفعيل، تواصل معنا عبر واتساب مع إرسال إيصال الدفع وسنقوم بالتفعيل يدوياً."
"faq.cat3_title","Challenge 1 Milliard de Salaatu","Challenge 1 Milliard de Salaatu","1 Billion Salaatu Challenge","Sfida 1 Miliardo di Salaatu","Reto 1 Millardo de Salaatu","تحدي المليار صلاة"
"faq.q3_1","Qu'est-ce que le Challenge 1 Milliard ?","Qu'est-ce que le Challenge 1 Milliard ?","What is the 1 Billion Challenge?","Cos'è la Sfida 1 Miliardo?","¿Qué es el Reto 1 Millardo?","ما هو تحدي المليار صلاة؟"
"faq.a3_1","C'est notre défi spirituel collectif : offrir 1 milliard de Salaatu au Prophète Muhammad ﷺ par l'effort cumulé de tous les membres KSN. Le compteur en direct sur /challenge montre la progression mondiale en temps réel.","C'est notre défi spirituel collectif : offrir 1 milliard de Salaatu au Prophète Muhammad ﷺ par l'effort cumulé de tous les membres KSN. Le compteur en direct sur /challenge montre la progression mondiale en temps réel.","It is our collective spiritual challenge: to offer 1 billion Salaatus to the Prophet Muhammad ﷺ through the cumulative effort of all KSN members. The live counter on /challenge shows global progress in real time.","È la nostra sfida spirituale collettiva: offrire 1 miliardo di Salaatu al Profeta Muhammad ﷺ grazie allo sforzo cumulato di tutti i membri KSN. Il contatore in diretta su /challenge mostra la progressione mondiale in tempo reale.","Es nuestro reto espiritual colectivo: ofrecer 1 millardo de Salaatu al Profeta Muhammad ﷺ mediante el esfuerzo acumulado de todos los miembros KSN. El contador en directo en /challenge muestra la progresión mundial en tiempo real.","هو تحدينا الروحي الجماعي: إهداء مليار صلاة للنبي محمد ﷺ من خلال الجهد الترامر لجميع أعضاء KSN. يوضح العداد المباشر في صفحة التحدي التقدم العالمي في الوقت الفعلي."
"faq.q3_2","Comment contribuer au Challenge ?","Comment contribuer au Challenge ?","How do I contribute to the Challenge?","Come contribuire alla Sfida?","¿Cómo contribuir al Reto?","كيف أساهم في التحدي؟"
"faq.a3_2","Téléchargez l'application mobile KSN sur l'App Store ou Google Play. Chaque Salaatu que vous récitez et comptez dans l'app s'ajoute automatiquement au total mondial. Plus la communauté grandit, plus vite nous atteignons le milliard.","Téléchargez l'application mobile KSN sur l'App Store ou Google Play. Chaque Salaatu que vous récitez et comptez dans l'app s'ajoute automatiquement au total mondial. Plus la communauté grandit, plus vite nous atteignons le milliard.","Download the KSN mobile app on the App Store or Google Play. Each Salaatu you recite and count in the app is automatically added to the global total. The more the community grows, the faster we reach the billion.","Scarica l'app mobile KSN sull'App Store o su Google Play. Ogni Salaatu che reciti e conti nell'app si aggiunge automaticamente al totale mondiale. Più la comunità cresce, più velocemente raggiungiamo il miliardo.","Descarga la app móvil KSN en la App Store o Google Play. Cada Salaatu que recitas y cuentas en la app se añade automáticamente al total mundial. Cuanto más crece la comunidad, más rápido alcanzamos el millardo.","قم بتنزيل تطبيق KSN على الهاتف من متجر تطبيقات آبل أو جوجل بلاي. كل صلاة تقرأها وتسجلها في التطبيق تضاف تلقائياً إلى الإجمالي العالمي."
"faq.q3_3","Y a-t-il une date limite pour atteindre le milliard ?","Y a-t-il une date limite pour atteindre le milliard ?","Is there a deadline to reach the billion?","C'è una scadenza per raggiungere il miliardo?","¿Hay una fecha límite para alcanzar el millardo?","هل هناك موعد نهائي للوصول إلى المليار؟"
"faq.a3_3","Non, le Challenge est un effort continu sans deadline. Notre rythme actuel est d'environ 7 millions de Salaatu par semaine. À ce rythme, nous progressons vers le milliard de façon constante. Plus de membres = atteinte plus rapide.","Non, le Challenge est un effort continu sans deadline. Notre rythme actuel est d'environ 7 millions de Salaatu par semaine. À ce rythme, nous progressons vers le milliard de façon constante. Plus de membres = atteinte plus rapide.","No, the Challenge is an ongoing effort with no deadline. Our current rhythm is about 7 million Salaatus per week. At this rate, we progress toward the billion steadily. More members = faster achievement.","No, la Sfida è uno sforzo continuo senza scadenza. Il nostro ritmo attuale è di circa 7 milioni di Salaatu a settimana. A questo ritmo, progrediamo verso il miliardo in modo costante. Più membri = raggiungimento più rapido.","No, el Reto es un esfuerzo continuo sin fecha límite. Nuestro ritmo actual es de unos 7 millones de Salaatu por semana. A este ritmo, progresamos hacia el millardo de forma constante. Más miembros = logro más rápido.","لا، التحدي هو جهد مستمر دون موعد نهائي. وتيرتنا الحالية تقارب ٧ ملايين صلاة في الأسبوع. وبهذا المعدل، نتقدم باستمرار نحو المليار. زيادة الأعضاء تعني وصولاً أسرع."
"faq.cat4_title","Journée Salaatu ʿAlaa Nabii","Journée Salaatu ʿAlaa Nabii","Salaatu ʿAlaa Nabii Day","Giornata Salaatu ʿAlaa Nabii","Jornada Salaatu ʿAlaa Nabii","يوم الصلاة السنوي"
"faq.q4_1","Quand a lieu la prochaine Journée Salaatu ?","Quand a lieu la prochaine Journée Salaatu ?","When is the next Salaatu Day?","Quando si terrà la prossima Giornata Salaatu?","¿Cuándo tendrá lugar la próxima Jornada Salaatu?","متى سيقام يوم الصلاة القادم؟"
"faq.a4_1","La prochaine édition aura lieu le 26 décembre 2026 à Touba. Le programme complet est publié sur /journee-salaatu avec compte à rebours, horaires détaillés et options de participation (présence physique, distance, soutien).","La prochaine édition aura lieu le 26 décembre 2026 à Touba. Le programme complet est publié sur /journee-salaatu avec compte à rebours, horaires détaillent et options de participation (présence physique, distance, soutien).","The next edition will take place on December 26, 2026 in Touba. The complete program is published on /journee-salaatu with a countdown, detailed schedules, and participation options (physical presence, distance, support).","La prossima edizione si terrà il 26 dicembre 2026 a Touba. Il programma completo è pubblicato su /journee-salaatu con conto alla rovescia, orari dettagliati e opzioni di partecipazione (presenza fisica, a distanza, sostegno).","La próxima edición tendrá lugar el 26 de diciembre de 2026 en Tuba. El programa completo está publicado en /journee-salaatu con cuenta atrás, horarios detallados y opciones de participación (presencia física, a distancia, apoyo).","ستقام الدورة القادمة في ٢٦ ديسمبر ٢٠٢٦ في طوبى. يتم نشر البرنامج الكامل في صفحة يوم الصلاة مع عداد تنازلي وتفاصيل المشاركة حضورياً أو عن بعد."
"faq.q4_2","Faut-il être membre pour participer à la Journée ?","Faut-il être membre pour participer à la Journée ?","Do I need to be a member to participate in the Day?","Bisogna essere membri per partecipare alla Giornata?","¿Hay que ser miembro para participar en la Jornada?","هل يجب أن أكون عضواً للمشاركة في يوم الصلاة؟"
"faq.a4_2","Non, la Journée Salaatu est ouverte à tous — membres KSN, sympathisants, invités étrangers et oumma locale de Touba. Cependant, l'adhésion au Dahira reste recommandée pour bénéficier de l'accompagnement spirituel toute l'année.","Non, la Journée Salaatu est ouverte à tous — membres KSN, sympathisants, invités étrangers et oumma locale de Touba. Cependant, l'adhésion au Dahira reste recommandée pour bénéficier de l'accompagnement spirituel toute l'année.","No, Salaatu Day is open to everyone — KSN members, supporters, international guests, and the local Touba community. However, joining the Dahira is recommended to benefit from spiritual guidance all year round.","No, la Giornata Salaatu è aperta a tutti — membri KSN, simpatizzanti, ospiti stranieri e oumma locale di Touba. Tuttavia, l'adesione alla Dahira è consigliata per beneficiare dell'accompagnamento spirituale tutto l'anno.","No, la Jornada Salaatu está abierta a todos — miembros KSN, simpatizantes, invitados extranjeros y oumma local de Tuba. Sin embargo, se recomienda la adhesión al Dahira para beneficiarse del acompañamiento espiritual todo el año.","لا، يوم الصلاة مفتوح للجميع — أعضاء KSN والمحبين والضيوف الدوليين والجمهور المحلي. ومع ذلك، نوصي بالانضمام للداهيرا للاستفادة من المرافقة الروحية طوال العام."
"faq.q4_3","Comment se rendre à Touba depuis l'étranger ?","Comment se rendre à Touba depuis l'étranger ?","How do I travel to Touba from abroad?","Come raggiungere Touba dall'estero?","¿Cómo llegar a Tuba desde el extranjero?","كيف أسافر إلى طوبى من الخارج؟"
"faq.a4_3","L'aéroport international de Dakar (AIBD) est à environ 2h de route de Touba. Pour l'hébergement, le transport depuis Dakar et les détails logistiques, contactez l'équipe via WhatsApp — nous accompagnons les visiteurs internationaux.","L'aéroport international de Dakar (AIBD) est à environ 2h de route de Touba. Pour l'hébergement, le transport depuis Dakar et les détails logistiques, contactez l'équipe via WhatsApp — nous accompagnons les visiteurs internationaux.","Dakar International Airport (AIBD) is about a 2-hour drive from Touba. For accommodation, transport from Dakar, and logistical details, contact the team via WhatsApp — we assist international visitors.","L'aeroporto internazionale di Dakar (AIBD) è a circa 2 ore di strada da Touba. Per l'alloggio, il trasporto da Dakar e i dettagli logistici, contatta il team su WhatsApp — accompagniamo i visitatori internazionali.","El aeropuerto internacional de Dakar (AIBD) está a unas 2 horas por carretera de Tuba. Para el alojamiento, el transporte desde Dakar y los detalles logísticos, contacta con el equipo por WhatsApp — acompañamos a los visitantes internacionales.","يبعد مطار دكار الدولي (AIBD) حوالي ساعتين بالسيارة عن طوبى. بخصوص السكن والمواصلات من دكار والتفاصيل اللوجستية، يرجى التواصل مع الفريق عبر واتساب لمرافقة الزوار الدوليين."
"faq.cat5_title","Application mobile KSN","Application mobile KSN","KSN Mobile App","App mobile KSN","App móvil KSN","تطبيق KSN للهواتف الذكية"
"faq.q5_1","Quelle est la différence entre l'application mobile et ce site ?","Quelle est la différence entre l'application mobile et ce site ?","What is the difference between the mobile app and this site?","Qual è la differenza tra l'app mobile e questo sito?","¿Cuál es la diferencia entre la app móvil y este sitio?","ما الفرق بين تطبيق الهاتف وهذا الموقع؟"
"faq.a5_1","L'application mobile (Kippaangog) est dédiée au comptage quotidien des Salaatu et synchronise avec le compteur mondial. Le site (Site KSN) est l'espace institutionnel : adhésion, carte de membre, bibliothèque, événements, boutique, dons. Les deux sont complémentaires.","L'application mobile (Kippaangog) est dédiée au comptage quotidien des Salaatu et synchronise avec le compteur mondial. Le site (Site KSN) est l'espace institutionnel : adhésion, carte de membre, bibliothèque, événements, boutique, dons. Les deux sont complémentaires.","The mobile app (Kippaangog) is dedicated to daily Salaatu counting and synchronizes with the global counter. The website (KSN Site) is the institutional space: membership, membership card, library, events, shop, donations. Both are complementary.","L'app mobile (Kippaangog) è dedicata al conteggio quotidiano dei Salaatu e si sincronizza con il contatore mondiale. Il sito (Sito KSN) è lo spazio istituzionale: adesione, tessera di membro, biblioteca, eventi, negozio, donazioni. I due sono complementari.","La app móvil (Kippaangog) está dedicada al conteo diario de los Salaatu y se sincroniza con el contador mundial. El sitio (Sitio KSN) es el espacio institucional: adhesión, tarjeta de miembro, biblioteca, eventos, tienda, donaciones. Ambos son complementarios.","تطبيق الهاتف مخصص لحساب الصلوات اليومية ومزامنتها مع العداد العالمي. أما الموقع فهو الفضاء المؤسسي: الانخراط، بطاقة العضوية، المكتبة، الفعاليات، التبرعات. كلاهما يكمل الآخر."
"faq.q5_2","L'application mobile est-elle gratuite ?","L'application mobile est-elle gratuite ?","Is the mobile app free?","L'app mobile è gratuita?","¿La app móvil es gratuita?","هل تطبيق الهاتف مجاني؟"
"faq.a5_2","Oui, l'application Kippaangog Salaatu ʿAlaa Nabii est entièrement gratuite sur l'App Store (iOS) et Google Play (Android). Aucun abonnement, aucun achat in-app obligatoire.","Oui, l'application Kippaangog Salaatu ʿAlaa Nabii est entièrement gratuite sur l'App Store (iOS) et Google Play (Android). Aucun abonnement, aucun achat in-app obligatoire.","Yes, the Kippaangog Salaatu ʿAlaa Nabii mobile app is entirely free on the App Store (iOS) and Google Play (Android). No subscriptions, no mandatory in-app purchases.","Sì, l'app Kippaangog Salaatu ʿAlaa Nabii è completamente gratuita sull'App Store (iOS) e su Google Play (Android). Nessun abbonamento, nessun acquisto in-app obbligatorio.","Sí, la app Kippaangog Salaatu ʿAlaa Nabii es totalmente gratuita en la App Store (iOS) y Google Play (Android). Sin suscripción, sin compras dentro de la app obligatorias.","نعم، تطبيق Kippaangog Salaatu ʿAlaa Nabii مجاني بالكامل على متجر آبل وجوجل بلاي، دون أي اشتراكات أو مشتريات إلزامية."
"faq.cat6_title","Dons et paiements","Dons et paiements","Donations and Payments","Donazioni e pagamenti","Donaciones y pagos","التبرعات والمدفوعات"
"faq.q6_1","Quels moyens de paiement acceptez-vous ?","Quels moyens de paiement acceptez-vous ?","What payment methods do you accept?","Quali metodi di pagamento accettate?","¿Qué métodos de pago aceptáis?","ما هي طرق الدفع المقبولة؟"
"faq.a6_1","Pour les utilisateurs au Sénégal : Wave, Orange Money, UBA. Pour les utilisateurs internationaux : carte bancaire (Stripe) et PayPal sont disponibles sur la page /don. Tous les paiements sont sécurisés.","Pour les utilisateurs au Sénégal : Wave, Orange Money, UBA. Pour les utilisateurs internationaux : carte bancaire (Stripe) et PayPal sont disponibles sur la page /don. Tous les paiements sont sécurisés.","For users in Senegal: Wave, Orange Money, UBA. For international users: credit card (Stripe) and PayPal are available on the /don page. All payments are secure.","Per gli utenti in Senegal: Wave, Orange Money, UBA. Per gli utenti internazionali: carta di credito (Stripe) e PayPal sono disponibili sulla pagina /don. Tutti i pagamenti sono sicuri.","Para los usuarios en Senegal: Wave, Orange Money, UBA. Para los usuarios internacionales: tarjeta bancaria (Stripe) y PayPal están disponibles en la página /don. Todos los pagos son seguros.","للمستخدمين في السنغال: Wave، Orange Money، UBA. وللمتبرعين الدوليين: بطاقة الائتمان (Stripe) وبايبال متوفرة في صفحة التبرع. جميع المعاملات آمنة."
"faq.q6_2","Mon don est-il déductible des impôts ?","Mon don est-il déductible des impôts ?","Is my donation tax-deductible?","La mia donazione è deducibile dalle tasse?","¿Mi donación es deducible de impuestos?","هل تبرعي معفى من الضرائب؟"
"faq.a6_2","Cela dépend de votre pays de résidence. Au Sénégal, le Dahira est une organisation religieuse à but non lucratif et les dons peuvent bénéficier d'avantages fiscaux selon la législation en vigueur. Pour les détails dans votre pays, consultez votre conseiller fiscal.","Cela dépend de votre pays de résidence. Au Sénégal, le Dahira est une organisation religieuse à but non lucratif et les dons peuvent bénéficier d'avantages fiscaux selon la législation en vigueur. Pour les détails dans votre pays, consultez votre conseiller fiscal.","It depends on your country of residence. In Senegal, the Dahira is a non-profit religious organization and donations may qualify for tax benefits depending on current legislation. For details in your country, consult your tax advisor.","Dipende dal tuo paese di residenza. In Senegal, la Dahira è un'organizzazione religiosa senza scopo di lucro e le donazioni possono beneficiare di vantaggi fiscali secondo la legislazione vigente. Per i dettagli nel tuo paese, consulta il tuo consulente fiscale.","Depende de tu país de residencia. En Senegal, el Dahira es una organización religiosa sin ánimo de lucro y las donaciones pueden beneficiarse de ventajas fiscales según la legislación vigente. Para los detalles en tu país, consulta a tu asesor fiscal.","يعتمد ذلك على بلد إقامتك. في السنغال، الداهيرا هي جمعية دينية غير ربحية والتبرعات قد تستفيد من إعفاءات ضريبية حسب القوانين السارية. يرجى استشارة مستشارك الضريبي للمزيد من التفاصيل."
"faq.q6_3","Comment savoir comment mon don est utilisé ?","Comment savoir comment mon don est utilisé ?","How do I know how my donation is used?","Come sapere come viene utilizzata la mia donazione?","¿Cómo saber cómo se utiliza mi donación?","كيف أعرف أين تذهب أموال التبرعات؟"
"faq.a6_3","La Commission Finances publie un rapport annuel de transparence accessible sur demande à tous les membres actifs. Les principaux postes de dépense : organisation de la Journée annuelle, hébergement des invités, communication, soutien social aux membres en difficulté.","La Commission Finances publie un rapport annuel de transparence accessible sur demande à tous les membres actifs. Les principaux postes de dépense : organisation de la Journée annuelle, hébergement des invités, communication, soutien social aux membres en difficulté.","The Finance Commission publishes an annual transparency report accessible upon request to all active members. Main spending areas: organizing the annual Day, hosting guests, communication, social support for members in difficulty.","La Commissione Finanze pubblica un rapporto annuale di trasparenza accessibile su richiesta a tutti i membri attivi. Le principali voci di spesa: organizzazione della Giornata annuale, ospitalità degli invitati, comunicazione, sostegno sociale ai membri in difficoltà.","La Comisión de Finanzas publica un informe anual de transparencia accesible a petición a todos los miembros activos. Las principales partidas de gasto: organización de la Jornada anual, alojamiento de los invitados, comunicación, apoyo social a los miembros en dificultad.","تنشر لجنة المالية تقريراً سنوياً للشفافية متاحاً لجميع الأعضاء النشطين عند الطلب. تشمل بنود الإنفاق الرئيسية: تنظيم يوم الصلاة السنوي، إقامة الضيوف، الاتصال، والدعم الاجتماعي للأعضاء المحتاجين."
